Image      Label          
0          9
1          6
2          5
3          1
4          5
5          1
6          3
7          7
8          1
9          5
10         6
11         5
12         7
13         1
14         4
15         5
16         3
17         5
18         6
19         2
20         8
21         5
22         3
23         6
24         6
25         8
26         0
27         8
28         1
29         8
30         8
31         7
32         9
33         3
34         2
35         1
36         4
37         1
38         7
39         6
40         1
41         2
42         5
43         4
44         3
45         2
46         1
47         9
48         1
49         9
50         9
51         0
52         7
53         4
54         0
55         8
56         1
57         2
58         5
59         5
60         4
61         8
62         3
63         7
64         7
65         3
66         4
67         5
68         6
69         5
70         6
71         5
72         8
73         0
74         6
75         0
76         7
77         0
78         5
79         8
80         3
81         2
82         6
83         1
84         1
85         3
86         1
87         6
88         9
89         5
90         4
91         3
92         0
93         4
94         3
95         7
96         7
97         4
98         8
99         4
100        6
101        8
102        9
103        2
104        4
105        1
106        6
107        3
108        0
109        3
110        2
111        8
112        9
113        2
114        6
115        6
116        4
117        8
118        2
119        4
120        0
121        9
122        6
123        6
124        8
125        3
126        4
127        8
128        5
129        3
130        1
131        1
132        1
133        5
134        4
135        3
136        8
137        7
138        2
139        2
140        4
141        7
142        1
143        4
144        5
145        0
146        3
147        7
148        4
149        9
150        1
151        2
152        9
153        9
154        5
155        6
156        4
157        1
158        2
159        2
160        6
161        1
162        7
163        2
164        1
165        5
166        7
167        1
168        4
169        4
170        9
171        7
172        6
173        3
174        2
175        8
176        0
177        6
178        3
179        1
180        8
181        5
182        9
183        1
184        7
185        0
186        9
187        5
188        3
189        5
190        5
191        9
192        0
193        7
194        1
195        9
196        5
197        9
198        0
199        7
200        4
201        4
202        9
203        6
204        6
205        2
206        2
207        6
208        4
209        3
210        7
211        8
212        7
213        0
214        3
215        7
216        2
217        3
218        3
219        2
220        6
221        1
222        6
223        7
224        5
225        3
226        3
227        0
228        5
229        5
230        9
231        6
232        6
233        2
234        5
235        6
236        0
237        9
238        1
239        0
240        9
241        3
242        9
243        3
244        8
245        0
246        4
247        0
248        7
249        7
250        5
251        1
252        4
253        6
254        9
255        4
256        9
257        4
258        4
259        8
260        1
261        8
262        0
263        9
264        3
265        1
266        7
267        8
268        6
269        7
270        6
271        4
272        7
273        0
274        0
275        8
276        3
277        9
278        1
279        5
280        0
281        8
282        2
283        8
284        7
285        6
286        6
287        9
288        2
289        6
290        3
291        8
292        1
293        2
294        8
295        3
296        3
297        5
298        0
299        8
300        7
301        8
302        9
303        8
304        4
305        0
306        6
307        7
308        9
309        7
310        3
311        6
312        5
313        9
314        9
315        0
316        6
317        4
318        2
319        4
320        1
321        1
322        4
323        8
324        0
325        5
326        5
327        2
328        2
329        7
330        5
331        6
332        2
333        0
334        1
335        4
336        1
337        4
338        6
339        0
340        9
341        2
342        0
343        9
344        9
345        0
346        7
347        5
348        5
349        7
350        4
351        8
352        0
353        4
354        2
355        6
356        2
357        4
358        1
359        8
360        8
361        1
362        7
363        3
364        5
365        1
366        4
367        2
368        2
369        7
370        2
371        3
372        5
373        4
374        9
375        9
376        2
377        4
378        5
379        3
380        5
381        5
382        6
383        8
384        0
385        7
386        6
387        9
388        8
389        4
390        7
391        0
392        2
393        2
394        9
395        7
396        8
397        5
398        0
399        1
400        1
401        8
402        6
403        8
404        4
405        8
406        6
407        2
408        2
409        3
410        3
411        7
412        4
413        0
414        9
415        8
416        5
417        8
418        1
419        1
420        0
421        7
422        9
423        2
424        4
425        1
426        0
427        7
428        3
429        4
430        3
431        2
432        5
433        4
434        6
435        9
436        8
437        9
438        3
439        5
440        2
441        6
442        6
443        3
444        3
445        6
446        3
447        6
448        4
449        0
450        8
451        2
452        4
453        2
454        7
455        6
456        9
457        3
458        0
459        0
460        6
461        3
462        9
463        0
464        2
465        6
466        8
467        4
468        5
469        5
470        6
471        9
472        4
473        4
474        6
475        4
476        1
477        7
478        4
479        3
480        4
481        6
482        1
483        3
484        1
485        1
486        6
487        3
488        4
489        2
490        2
491        3
492        9
493        4
494        4
495        3
496        4
497        9
498        8
499        6
500        9
501        8
502        7
503        4
504        1
505        3
506        4
507        1
508        1
509        8
510        2
511        1
512        9
513        2
514        6
515        0
516        1
517        5
518        2
519        3
520        5
521        6
522        4
523        2
524        5
525        2
526        2
527        6
528        4
529        8
530        1
531        3
532        5
533        5
534        2
535        6
536        4
537        8
538        8
539        9
540        0
541        0
542        5
543        5
544        3
545        0
546        6
547        6
548        0
549        8
550        2
551        0
552        3
553        9
554        0
555        2
556        0
557        8
558        5
559        7
560        5
561        0
562        9
563        0
564        9
565        0
566        6
567        0
568        9
569        4
570        6
571        7
572        7
573        4
574        7
575        6
576        1
577        4
578        8
579        0
580        2
581        4
582        6
583        9
584        8
585        1
586        8
587        9
588        0
589        2
590        8
591        1
592        4
593        5
594        2
595        4
596        2
597        4
598        9
599        8
600        2
601        2
602        1
603        8
604        6
605        2
606        1
607        1
608        7
609        3
610        7
611        2
612        9
613        3
614        7
615        5
616        0
617        0
618        4
619        1
620        5
621        2
622        4
623        0
624        5
625        4
626        7
627        2
628        3
629        7
630        3
631        6
632        7
633        0
634        0
635        2
636        8
637        5
638        5
639        0
640        3
641        2
642        4
643        2
644        7
645        5
646        5
647        0
648        2
649        0
650        6
651        9
652        5
653        4
654        4
655        2
656        0
657        6
658        0
659        5
660        7
661        9
662        6
663        0
664        9
665        2
666        9
667        2
668        2
669        3
670        9
671        9
672        3
673        7
674        8
675        1
676        0
677        9
678        4
679        8
680        2
681        0
682        3
683        7
684        3
685        2
686        4
687        8
688        4
689        7
690        8
691        5
692        1
693        4
694        2
695        8
696        7
697        3
698        7
699        3
700        1
701        6
702        2
703        8
704        5
705        2
706        7
707        3
708        7
709        6
710        5
711        6
712        1
713        6
714        6
715        4
716        2
717        7
718        0
719        7
720        9
721        5
722        0
723        1
724        8
725        0
726        2
727        3
728        2
729        9
730        1
731        7
732        2
733        4
734        7
735        6
736        4
737        5
738        5
739        9
740        9
741        0
742        2
743        0
744        7
745        6
746        8
747        5
748        0
749        0
750        7
751        8
752        4
753        8
754        4
755        4
756        1
757        8
758        2
759        9
760        5
761        0
762        0
763        2
764        9
765        6
766        9
767        4
768        5
769        1
770        2
771        6
772        7
773        9
774        4
775        5
776        6
777        3
778        8
779        8
780        7
781        5
782        2
783        0
784        6
785        6
786        1
787        3
788        2
789        8
790        1
791        7
792        8
793        5
794        2
795        1
796        8
797        0
798        5
799        1
800        2
801        1
802        2
803        8
804        8
805        4
806        9
807        2
808        0
809        9
810        5
811        8
812        0
813        9
814        2
815        6
816        6
817        1
818        4
819        5
820        5
821        4
822        9
823        6
824        1
825        9
826        3
827        8
828        7
829        3
830        9
831        7
832        0
833        5
834        9
835        3
836        5
837        7
838        4
839        9
840        1
841        1
842        1
843        8
844        3
845        5
846        8
847        5
848        9
849        5
850        3
851        2
852        9
853        1
854        9
855        5
856        6
857        9
858        1
859        8
860        7
861        9
862        8
863        5
864        2
865        1
866        5
867        6
868        8
869        5
870        3
871        0
872        6
873        4
874        9
875        1
876        3
877        8
878        8
879        4
880        8
881        3
882        4
883        7
884        6
885        1
886        8
887        9
888        9
889        1
890        2
891        3
892        7
893        7
894        9
895        1
896        9
897        1
898        0
899        4
900        2
901        3
902        4
903        5
904        8
905        5
906        5
907        2
908        4
909        7
910        1
911        4
912        7
913        3
914        7
915        8
916        1
917        2
918        6
919        0
920        9
921        0
922        5
923        0
924        6
925        5
926        9
927        4
928        9
929        0
930        6
931        6
932        4
933        4
934        9
935        3
936        4
937        5
938        7
939        6
940        4
941        6
942        6
943        4
944        8
945        6
946        0
947        0
948        8
949        7
950        6
951        1
952        8
953        3
954        8
955        4
956        1
957        4
958        0
959        0
960        2
961        3
962        4
963        5
964        3
965        5
966        1
967        2
968        3
969        7
970        3
971        9
972        3
973        8
974        1
975        9
976        7
977        1
978        7
979        3
980        0
981        4
982        5
983        5
984        3
985        1
986        8
987        5
988        6
989        2
990        0
991        5
992        8
993        5
994        3
995        8
996        8
997        4
998        9
999        6
1000       4
1001       0
1002       9
1003       0
1004       5
1005       3
1006       0
1007       6
1008       9
1009       5
1010       6
1011       2
1012       5
1013       4
1014       0
1015       9
1016       2
1017       6
1018       8
1019       3
1020       9
1021       8
1022       4
1023       8
1024       6
1025       6
1026       0
1027       7
1028       4
1029       0
1030       0
1031       1
1032       7
1033       7
1034       8
1035       3
1036       7
1037       3
1038       2
1039       4
1040       7
1041       5
1042       4
1043       0
1044       0
1045       3
1046       3
1047       0
1048       1
1049       0
1050       9
1051       0
1052       1
1053       8
1054       1
1055       5
1056       0
1057       7
1058       7
1059       5
1060       9
1061       8
1062       0
1063       8
1064       0
1065       1
1066       1
1067       5
1068       7
1069       1
1070       4
1071       1
1072       1
1073       9
1074       3
1075       1
1076       1
1077       1
1078       1
1079       7
1080       3
1081       0
1082       3
1083       8
1084       0
1085       8
1086       9
1087       8
1088       3
1089       5
1090       3
1091       8
1092       9
1093       3
1094       9
1095       4
1096       9
1097       2
1098       5
1099       1
1100       4
1101       8
1102       8
1103       7
1104       4
1105       7
1106       4
1107       5
1108       6
1109       6
1110       4
1111       3
1112       2
1113       6
1114       3
1115       3
1116       0
1117       1
1118       2
1119       8
1120       5
1121       4
1122       5
1123       5
1124       0
1125       9
1126       5
1127       5
1128       2
1129       5
1130       3
1131       1
1132       0
1133       9
1134       8
1135       7
1136       5
1137       6
1138       4
1139       2
1140       3
1141       8
1142       3
1143       4
1144       2
1145       3
1146       3
1147       6
1148       9
1149       5
1150       1
1151       9
1152       3
1153       0
1154       9
1155       9
1156       4
1157       7
1158       8
1159       9
1160       8
1161       0
1162       3
1163       4
1164       4
1165       3
1166       2
1167       3
1168       1
1169       5
1170       1
1171       5
1172       1
1173       1
1174       4
1175       6
1176       5
1177       1
1178       6
1179       7
1180       9
1181       8
1182       4
1183       8
1184       2
1185       1
1186       0
1187       9
1188       7
1189       4
1190       2
1191       0
1192       7
1193       4
1194       9
1195       6
1196       9
1197       1
1198       3
1199       4
1200       1
1201       7
1202       6
1203       3
1204       4
1205       4
1206       6
1207       3
1208       6
1209       2
1210       3
1211       5
1212       1
1213       1
1214       6
1215       5
1216       4
1217       5
1218       8
1219       0
1220       2
1221       8
1222       4
1223       2
1224       8
1225       9
1226       3
1227       2
1228       5
1229       1
1230       6
1231       2
1232       8
1233       0
1234       7
1235       0
1236       4
1237       6
1238       8
1239       1
1240       9
1241       1
1242       6
1243       0
1244       4
1245       6
1246       3
1247       4
1248       1
1249       8
1250       9
1251       6
1252       7
1253       7
1254       2
1255       9
1256       2
1257       4
1258       6
1259       8
1260       8
1261       5
1262       7
1263       3
1264       2
1265       6
1266       8
1267       1
1268       1
1269       4
1270       8
1271       9
1272       1
1273       3
1274       1
1275       4
1276       1
1277       3
1278       8
1279       0
1280       1
1281       1
1282       5
1283       7
1284       9
1285       8
1286       1
1287       7
1288       0
1289       2
1290       2
1291       4
1292       8
1293       6
1294       3
1295       8
1296       7
1297       2
1298       8
1299       6
1300       5
1301       6
1302       8
1303       2
1304       5
1305       5
1306       6
1307       8
1308       6
1309       9
1310       8
1311       5
1312       7
1313       3
1314       0
1315       4
1316       1
1317       4
1318       4
1319       6
1320       6
1321       8
1322       0
1323       6
1324       8
1325       6
1326       9
1327       1
1328       3
1329       8
1330       9
1331       9
1332       8
1333       8
1334       5
1335       0
1336       8
1337       0
1338       8
1339       1
1340       2
1341       3
1342       0
1343       7
1344       8
1345       0
1346       5
1347       5
1348       5
1349       6
1350       2
1351       1
1352       5
1353       8
1354       3
1355       7
1356       8
1357       3
1358       4
1359       1
1360       6
1361       9
1362       1
1363       4
1364       3
1365       2
1366       8
1367       5
1368       2
1369       4
1370       3
1371       9
1372       5
1373       4
1374       7
1375       9
1376       8
1377       3
1378       8
1379       8
1380       0
1381       7
1382       0
1383       8
1384       2
1385       0
1386       7
1387       9
1388       7
1389       1
1390       6
1391       8
1392       8
1393       8
1394       1
1395       1
1396       6
1397       4
1398       3
1399       5
1400       1
1401       0
1402       9
1403       7
1404       3
1405       2
1406       7
1407       4
1408       9
1409       9
1410       9
1411       5
1412       2
1413       8
1414       9
1415       2
1416       5
1417       5
1418       4
1419       1
1420       5
1421       0
1422       2
1423       2
1424       3
1425       2
1426       7
1427       2
1428       6
1429       6
1430       2
1431       0
1432       4
1433       2
1434       5
1435       7
1436       3
1437       3
1438       0
1439       3
1440       9
1441       2
1442       1
1443       7
1444       9
1445       3
1446       2
1447       7
1448       9
1449       2
1450       8
1451       6
1452       4
1453       2
1454       4
1455       6
1456       4
1457       7
1458       1
1459       7
1460       5
1461       2
1462       5
1463       7
1464       4
1465       4
1466       2
1467       4
1468       2
1469       6
1470       2
1471       4
1472       1
1473       7
1474       0
1475       7
1476       5
1477       0
1478       6
1479       7
1480       1
1481       7
1482       1
1483       9
1484       3
1485       5
1486       2
1487       4
1488       9
1489       1
1490       8
1491       5
1492       7
1493       7
1494       9
1495       1
1496       7
1497       3
1498       5
1499       4
1500       0
1501       9
1502       4
1503       7
1504       0
1505       3
1506       6
1507       5
1508       2
1509       3
1510       6
1511       1
1512       1
1513       7
1514       2
1515       2
1516       8
1517       0
1518       3
1519       6
1520       5
1521       0
1522       1
1523       7
1524       3
1525       2
1526       7
1527       0
1528       4
1529       4
1530       0
1531       9
1532       6
1533       7
1534       1
1535       5
1536       3
1537       8
1538       9
1539       6
1540       9
1541       9
1542       9
1543       6
1544       8
1545       3
1546       6
1547       0
1548       9
1549       2
1550       2
1551       8
1552       7
1553       0
1554       3
1555       6
1556       7
1557       0
1558       5
1559       0
1560       2
1561       8
1562       1
1563       0
1564       9
1565       2
1566       7
1567       2
1568       0
1569       1
1570       5
1571       7
1572       5
1573       1
1574       0
1575       0
1576       3
1577       7
1578       1
1579       5
1580       9
1581       2
1582       4
1583       8
1584       4
1585       9
1586       9
1587       2
1588       7
1589       4
1590       8
1591       8
1592       3
1593       7
1594       9
1595       3
1596       8
1597       2
1598       9
1599       9
1600       9
1601       7
1602       1
1603       9
1604       3
1605       3
1606       2
1607       2
1608       7
1609       8
1610       7
1611       4
1612       5
1613       7
1614       2
1615       5
1616       6
1617       3
1618       6
1619       0
1620       6
1621       2
1622       1
1623       1
1624       5
1625       5
1626       6
1627       8
1628       6
1629       9
1630       2
1631       4
1632       0
1633       0
1634       8
1635       3
1636       9
1637       3
1638       3
1639       5
1640       2
1641       6
1642       6
1643       9
1644       6
1645       1
1646       8
1647       8
1648       3
1649       3
1650       9
1651       8
1652       3
1653       7
1654       3
1655       8
1656       1
1657       2
1658       4
1659       6
1660       3
1661       1
1662       5
1663       5
1664       0
1665       5
1666       8
1667       8
1668       7
1669       1
1670       5
1671       2
1672       3
1673       1
1674       4
1675       0
1676       5
1677       1
1678       8
1679       3
1680       9
1681       4
1682       8
1683       1
1684       4
1685       7
1686       5
1687       6
1688       6
1689       5
1690       3
1691       1
1692       5
1693       4
1694       6
1695       2
1696       4
1697       4
1698       1
1699       6
1700       9
1701       0
1702       3
1703       4
1704       3
1705       3
1706       4
1707       8
1708       8
1709       3
1710       0
1711       9
1712       2
1713       8
1714       8
1715       1
1716       1
1717       2
1718       4
1719       3
1720       7
1721       7
1722       3
1723       8
1724       1
1725       6
1726       8
1727       1
1728       9
1729       0
1730       4
1731       5
1732       2
1733       3
1734       3
1735       9
1736       3
1737       6
1738       5
1739       5
1740       6
1741       0
1742       2
1743       3
1744       9
1745       2
1746       1
1747       8
1748       9
1749       4
1750       4
1751       7
1752       1
1753       7
1754       4
1755       6
1756       2
1757       5
1758       7
1759       3
1760       5
1761       2
1762       9
1763       8
1764       5
1765       1
1766       0
1767       7
1768       9
1769       4
1770       7
1771       8
1772       2
1773       4
1774       9
1775       5
1776       8
1777       7
1778       8
1779       7
1780       4
1781       6
1782       3
1783       6
1784       5
1785       5
1786       1
1787       3
1788       3
1789       9
1790       7
1791       5
1792       3
1793       3
1794       8
1795       6
1796       5
1797       0
1798       5
1799       3
1800       4
1801       1
1802       8
1803       0
1804       0
1805       1
1806       4
1807       3
1808       8
1809       9
1810       2
1811       7
1812       4
1813       9
1814       8
1815       9
1816       0
1817       1
1818       7
1819       2
1820       0
1821       3
1822       1
1823       3
1824       7
1825       6
1826       0
1827       8
1828       0
1829       4
1830       8
1831       5
1832       2
1833       2
1834       5
1835       7
1836       8
1837       4
1838       3
1839       1
1840       2
1841       0
1842       5
1843       0
1844       9
1845       3
1846       8
1847       0
1848       3
1849       2
1850       6
1851       9
1852       9
1853       5
1854       0
1855       1
1856       3
1857       3
1858       6
1859       2
1860       5
1861       6
1862       2
1863       2
1864       0
1865       8
1866       8
1867       3
1868       7
1869       6
1870       8
1871       9
1872       5
1873       7
1874       2
1875       6
1876       5
1877       0
1878       4
1879       4
1880       5
1881       2
1882       8
1883       1
1884       2
1885       0
1886       9
1887       8
1888       2
1889       6
1890       3
1891       3
1892       5
1893       4
1894       5
1895       1
1896       0
1897       3
1898       9
1899       0
1900       2
1901       9
1902       5
1903       5
1904       1
1905       7
1906       9
1907       5
1908       8
1909       8
1910       0
1911       8
1912       5
1913       3
1914       4
1915       7
1916       5
1917       7
1918       0
1919       4
1920       3
1921       7
1922       9
1923       0
1924       8
1925       8
1926       1
1927       5
1928       6
1929       3
1930       8
1931       2
1932       9
1933       5
1934       2
1935       1
1936       3
1937       8
1938       7
1939       5
1940       7
1941       2
1942       1
1943       8
1944       0
1945       0
1946       0
1947       9
1948       5
1949       6
1950       1
1951       6
1952       1
1953       2
1954       0
1955       5
1956       1
1957       4
1958       1
1959       1
1960       4
1961       0
1962       6
1963       3
1964       7
1965       3
1966       2
1967       4
1968       4
1969       1
1970       7
1971       6
1972       1
1973       3
1974       9
1975       0
1976       7
1977       4
1978       7
1979       7
1980       3
1981       5
1982       8
1983       3
1984       3
1985       1
1986       4
1987       0
1988       5
1989       4
1990       4
1991       3
1992       4
1993       7
1994       4
1995       1
1996       6
1997       5
1998       9
1999       2
2000       5
2001       9
2002       6
2003       0
2004       4
2005       9
2006       4
2007       5
2008       1
2009       5
2010       8
2011       8
2012       7
2013       1
2014       3
2015       0
2016       2
2017       5
2018       1
2019       8
2020       0
2021       7
2022       2
2023       2
2024       8
2025       0
2026       7
2027       7
2028       3
2029       4
2030       6
2031       6
2032       9
2033       5
2034       5
2035       3
2036       6
2037       9
2038       6
2039       4
2040       7
2041       3
2042       5
2043       7
2044       6
2045       4
2046       6
2047       5
2048       6
2049       1
2050       4
2051       1
2052       7
2053       7
2054       2
2055       0
2056       7
2057       4
2058       2
2059       8
2060       1
2061       2
2062       6
2063       7
2064       6
2065       3
2066       2
2067       7
2068       2
2069       6
2070       5
2071       7
2072       6
2073       2
2074       8
2075       6
2076       0
2077       7
2078       7
2079       2
2080       6
2081       2
2082       1
2083       2
2084       1
2085       6
2086       3
2087       4
2088       5
2089       8
2090       9
2091       7
2092       4
2093       8
2094       3
2095       3
2096       9
2097       1
2098       2
2099       8
2100       3
2101       2
2102       8
2103       1
2104       9
2105       3
2106       8
2107       2
2108       6
2109       6
2110       5
2111       6
2112       1
2113       7
2114       9
2115       6
2116       0
2117       3
2118       5
2119       8
2120       9
2121       4
2122       2
2123       3
2124       4
2125       6
2126       6
2127       3
2128       7
2129       1
2130       3
2131       4
2132       4
2133       7
2134       8
2135       6
2136       3
2137       1
2138       6
2139       7
2140       5
2141       4
2142       8
2143       7
2144       5
2145       7
2146       9
2147       4
2148       3
2149       9
2150       2
2151       4
2152       0
2153       3
2154       5
2155       4
2156       0
2157       1
2158       1
2159       2
2160       9
2161       5
2162       8
2163       0
2164       2
2165       0
2166       9
2167       9
2168       3
2169       4
2170       5
2171       8
2172       8
2173       3
2174       4
2175       1
2176       6
2177       5
2178       9
2179       7
2180       0
2181       6
2182       6
2183       8
2184       5
2185       5
2186       1
2187       5
2188       1
2189       8
2190       1
2191       5
2192       3
2193       2
2194       3
2195       6
2196       4
2197       8
2198       5
2199       3
2200       0
2201       5
2202       1
2203       6
2204       6
2205       8
2206       0
2207       1
2208       9
2209       4
2210       4
2211       1
2212       0
2213       2
2214       6
2215       7
2216       6
2217       7
2218       8
2219       1
2220       0
2221       5
2222       1
2223       0
2224       7
2225       6
2226       7
2227       7
2228       7
2229       4
2230       4
2231       5
2232       5
2233       4
2234       9
2235       4
2236       3
2237       9
2238       0
2239       4
2240       5
2241       6
2242       3
2243       6
2244       8
2245       2
2246       3
2247       5
2248       9
2249       0
2250       3
2251       0
2252       8
2253       0
2254       1
2255       3
2256       4
2257       2
2258       9
2259       5
2260       0
2261       5
2262       4
2263       4
2264       0
2265       8
2266       5
2267       1
2268       7
2269       1
2270       3
2271       0
2272       4
2273       4
2274       2
2275       6
2276       8
2277       4
2278       0
2279       3
2280       1
2281       6
2282       4
2283       3
2284       5
2285       1
2286       0
2287       1
2288       7
2289       2
2290       1
2291       3
2292       0
2293       9
2294       1
2295       1
2296       6
2297       4
2298       8
2299       3
2300       5
2301       1
2302       2
2303       3
2304       1
2305       3
2306       9
2307       8
2308       1
2309       7
2310       6
2311       6
2312       5
2313       2
2314       6
2315       7
2316       0
2317       6
2318       9
2319       1
2320       0
2321       4
2322       5
2323       2
2324       6
2325       1
2326       0
2327       7
2328       4
2329       9
2330       2
2331       1
2332       0
2333       5
2334       4
2335       9
2336       6
2337       7
2338       5
2339       3
2340       1
2341       2
2342       9
2343       5
2344       1
2345       5
2346       4
2347       4
2348       5
2349       5
2350       7
2351       8
2352       1
2353       9
2354       4
2355       2
2356       5
2357       5
2358       7
2359       9
2360       5
2361       9
2362       6
2363       0
2364       1
2365       0
2366       3
2367       2
2368       9
2369       5
2370       4
2371       2
2372       0
2373       1
2374       9
2375       1
2376       9
2377       5
2378       7
2379       5
2380       9
2381       7
2382       8
2383       0
2384       6
2385       8
2386       3
2387       8
2388       9
2389       1
2390       0
2391       0
2392       4
2393       4
2394       7
2395       2
2396       0
2397       1
2398       8
2399       8
2400       9
2401       5
2402       8
2403       8
2404       2
2405       1
2406       1
2407       6
2408       0
2409       2
2410       0
2411       8
2412       8
2413       6
2414       0
2415       8
2416       2
2417       3
2418       4
2419       2
2420       3
2421       8
2422       4
2423       1
2424       6
2425       4
2426       5
2427       6
2428       7
2429       0
2430       1
2431       1
2432       0
2433       9
2434       4
2435       7
2436       4
2437       5
2438       6
2439       8
2440       4
2441       0
2442       9
2443       6
2444       0
2445       9
2446       4
2447       0
2448       3
2449       8
2450       3
2451       6
2452       1
2453       5
2454       1
2455       2
2456       0
2457       8
2458       0
2459       0
2460       1
2461       6
2462       0
2463       7
2464       2
2465       9
2466       8
2467       7
2468       8
2469       9
2470       2
2471       0
2472       2
2473       6
2474       3
2475       2
2476       6
2477       6
2478       1
2479       8
2480       2
2481       6
2482       3
2483       9
2484       0
2485       5
2486       3
2487       1
2488       6
2489       2
2490       3
2491       5
2492       5
2493       5
2494       3
2495       8
2496       4
2497       7
2498       4
2499       4
2500       5
2501       0
2502       3
2503       6
2504       4
2505       0
2506       2
2507       1
2508       9
2509       2
2510       3
2511       2
2512       0
2513       2
2514       5
2515       1
2516       6
2517       6
2518       4
2519       8
2520       4
2521       3
2522       3
2523       9
2524       5
2525       0
2526       4
2527       2
2528       7
2529       9
2530       5
2531       0
2532       2
2533       9
2534       2
2535       9
2536       8
2537       8
2538       6
2539       9
2540       3
2541       7
2542       1
2543       2
2544       4
2545       3
2546       0
2547       1
2548       7
2549       8
2550       7
2551       3
2552       1
2553       9
2554       4
2555       2
2556       2
2557       5
2558       6
2559       1
2560       9
2561       6
2562       1
2563       6
2564       5
2565       3
2566       0
2567       6
2568       1
2569       5
2570       3
2571       5
2572       1
2573       0
2574       3
2575       1
2576       4
2577       6
2578       4
2579       5
2580       8
2581       7
2582       1
2583       6
2584       9
2585       8
2586       2
2587       7
2588       7
2589       2
2590       4
2591       7
2592       3
2593       7
2594       9
2595       9
2596       2
2597       3
2598       2
2599       8
2600       2
2601       4
2602       6
2603       5
2604       2
2605       6
2606       4
2607       9
2608       7
2609       6
2610       1
2611       8
2612       3
2613       2
2614       2
2615       6
2616       9
2617       4
2618       1
2619       5
2620       0
2621       9
2622       3
2623       6
2624       0
2625       4
2626       4
2627       7
2628       1
2629       2
2630       1
2631       2
2632       6
2633       7
2634       0
2635       3
2636       9
2637       6
2638       9
2639       0
2640       6
2641       4
2642       9
2643       3
2644       0
2645       9
2646       9
2647       9
2648       6
2649       4
2650       3
2651       5
2652       9
2653       0
2654       9
2655       7
2656       3
2657       2
2658       5
2659       8
2660       6
2661       8
2662       1
2663       9
2664       3
2665       4
2666       9
2667       0
2668       8
2669       2
2670       6
2671       8
2672       8
2673       2
2674       0
2675       3
2676       7
2677       8
2678       7
2679       7
2680       0
2681       4
2682       3
2683       8
2684       7
2685       0
2686       5
2687       7
2688       2
2689       0
2690       2
2691       7
2692       3
2693       6
2694       2
2695       1
2696       6
2697       7
2698       1
2699       1
2700       3
2701       2
2702       6
2703       3
2704       8
2705       8
2706       6
2707       9
2708       1
2709       3
2710       2
2711       5
2712       2
2713       4
2714       0
2715       8
2716       8
2717       4
2718       1
2719       0
2720       2
2721       4
2722       4
2723       2
2724       4
2725       9
2726       7
2727       2
2728       7
2729       4
2730       7
2731       7
2732       0
2733       1
2734       3
2735       3
2736       1
2737       6
2738       1
2739       1
2740       0
2741       1
2742       0
2743       9
2744       2
2745       8
2746       0
2747       2
2748       2
2749       2
2750       3
2751       4
2752       0
2753       9
2754       4
2755       0
2756       5
2757       9
2758       4
2759       3
2760       3
2761       0
2762       8
2763       5
2764       1
2765       0
2766       4
2767       1
2768       4
2769       2
2770       0
2771       9
2772       8
2773       1
2774       4
2775       6
2776       4
2777       7
2778       3
2779       1
2780       4
2781       1
2782       3
2783       2
2784       0
2785       0
2786       8
2787       4
2788       5
2789       0
2790       8
2791       2
2792       6
2793       0
2794       0
2795       9
2796       3
2797       9
2798       1
2799       4
2800       5
2801       0
2802       7
2803       0
2804       0
2805       8
2806       4
2807       4
2808       7
2809       7
2810       2
2811       0
2812       3
2813       3
2814       9
2815       4
2816       9
2817       8
2818       5
2819       8
2820       8
2821       9
2822       9
2823       2
2824       2
2825       4
2826       3
2827       6
2828       5
2829       6
2830       0
2831       5
2832       0
2833       0
2834       0
2835       2
2836       0
2837       7
2838       1
2839       9
2840       6
2841       4
2842       6
2843       8
2844       7
2845       7
2846       9
2847       6
2848       0
2849       3
2850       6
2851       0
2852       8
2853       3
2854       7
2855       8
2856       1
2857       6
2858       0
2859       5
2860       7
2861       0
2862       9
2863       5
2864       7
2865       2
2866       6
2867       7
2868       5
2869       6
2870       8
2871       4
2872       1
2873       9
2874       8
2875       5
2876       8
2877       3
2878       1
2879       5
2880       1
2881       4
2882       0
2883       8
2884       6
2885       0
2886       4
2887       0
2888       4
2889       0
2890       4
2891       5
2892       5
2893       8
2894       3
2895       7
2896       3
2897       9
2898       5
2899       2
2900       0
2901       1
2902       9
2903       3
2904       8
2905       6
2906       4
2907       8
2908       2
2909       3
2910       4
2911       1
2912       3
2913       2
2914       3
2915       6
2916       3
2917       1
2918       3
2919       1
2920       8
2921       6
2922       5
2923       9
2924       5
2925       7
2926       9
2927       8
2928       4
2929       4
2930       7
2931       4
2932       2
2933       4
2934       5
2935       5
2936       5
2937       5
2938       8
2939       6
2940       2
2941       3
2942       0
2943       3
2944       0
2945       7
2946       4
2947       6
2948       4
2949       1
2950       5
2951       6
2952       9
2953       6
2954       8
2955       3
2956       8
2957       6
2958       5
2959       6
2960       7
2961       8
2962       7
2963       7
2964       8
2965       7
2966       1
2967       5
2968       4
2969       3
2970       0
2971       3
2972       7
2973       9
2974       7
2975       0
2976       1
2977       3
2978       2
2979       9
2980       5
2981       2
2982       3
2983       6
2984       0
2985       4
2986       3
2987       0
2988       3
2989       0
2990       8
2991       7
2992       3
2993       1
2994       6
2995       8
2996       8
2997       5
2998       3
2999       0
3000       0
3001       8
3002       5
3003       9
3004       8
3005       7
3006       8
3007       1
3008       6
3009       4
3010       7
3011       7
3012       1
3013       1
3014       4
3015       3
3016       7
3017       4
3018       1
3019       1
3020       4
3021       1
3022       6
3023       5
3024       9
3025       3
3026       9
3027       0
3028       4
3029       2
3030       5
3031       5
3032       9
3033       1
3034       6
3035       5
3036       6
3037       7
3038       9
3039       7
3040       8
3041       3
3042       0
3043       6
3044       5
3045       8
3046       0
3047       1
3048       8
3049       0
3050       3
3051       8
3052       2
3053       9
3054       7
3055       0
3056       2
3057       9
3058       2
3059       0
3060       6
3061       7
3062       3
3063       8
3064       6
3065       1
3066       6
3067       0
3068       8
3069       6
3070       6
3071       9
3072       0
3073       0
3074       8
3075       7
3076       4
3077       4
3078       8
3079       9
3080       1
3081       3
3082       9
3083       7
3084       7
3085       2
3086       4
3087       3
3088       2
3089       0
3090       2
3091       3
3092       4
3093       0
3094       0
3095       6
3096       0
3097       0
3098       6
3099       7
3100       7
3101       2
3102       7
3103       3
3104       4
3105       7
3106       4
3107       9
3108       6
3109       3
3110       2
3111       0
3112       4
3113       0
3114       5
3115       2
3116       7
3117       0
3118       2
3119       5
3120       0
3121       4
3122       4
3123       5
3124       3
3125       8
3126       3
3127       7
3128       9
3129       6
3130       2
3131       3
3132       9
3133       7
3134       8
3135       1
3136       1
3137       1
3138       4
3139       2
3140       9
3141       2
3142       6
3143       3
3144       8
3145       0
3146       1
3147       0
3148       8
3149       4
3150       8
3151       2
3152       3
3153       0
3154       1
3155       9
3156       6
3157       8
3158       8
3159       5
3160       7
3161       6
3162       0
3163       4
3164       0
3165       2
3166       6
3167       5
3168       5
3169       3
3170       8
3171       8
3172       3
3173       5
3174       9
3175       6
3176       1
3177       2
3178       1
3179       4
3180       7
3181       4
3182       7
3183       0
3184       9
3185       2
3186       8
3187       5
3188       5
3189       5
3190       6
3191       4
3192       8
3193       6
3194       9
3195       7
3196       2
3197       6
3198       5
3199       8
3200       9
3201       5
3202       4
3203       8
3204       3
3205       8
3206       0
3207       6
3208       4
3209       6
3210       2
3211       3
3212       5
3213       0
3214       9
3215       0
3216       5
3217       0
3218       8
3219       0
3220       7
3221       8
3222       5
3223       2
3224       4
3225       4
3226       9
3227       7
3228       4
3229       4
3230       4
3231       5
3232       1
3233       3
3234       8
3235       5
3236       6
3237       5
3238       8
3239       2
3240       4
3241       0
3242       9
3243       5
3244       7
3245       3
3246       3
3247       3
3248       6
3249       7
3250       0
3251       3
3252       1
3253       9
3254       5
3255       0
3256       7
3257       7
3258       5
3259       0
3260       2
3261       5
3262       2
3263       5
3264       2
3265       2
3266       8
3267       4
3268       8
3269       5
3270       8
3271       1
3272       8
3273       0
3274       5
3275       7
3276       1
3277       3
3278       0
3279       5
3280       3
3281       0
3282       1
3283       7
3284       9
3285       5
3286       7
3287       4
3288       3
3289       4
3290       5
3291       5
3292       3
3293       7
3294       2
3295       3
3296       1
3297       6
3298       5
3299       2
3300       3
3301       0
3302       1
3303       5
3304       8
3305       8
3306       1
3307       7
3308       4
3309       4
3310       5
3311       9
3312       1
3313       1
3314       2
3315       6
3316       9
3317       3
3318       8
3319       0
3320       9
3321       0
3322       4
3323       6
3324       4
3325       1
3326       3
3327       7
3328       8
3329       0
3330       3
3331       0
3332       0
3333       1
3334       6
3335       8
3336       0
3337       4
3338       9
3339       2
3340       8
3341       5
3342       1
3343       4
3344       2
3345       0
3346       2
3347       2
3348       7
3349       9
3350       6
3351       7
3352       8
3353       2
3354       2
3355       8
3356       8
3357       1
3358       7
3359       1
3360       3
3361       7
3362       6
3363       8
3364       6
3365       0
3366       3
3367       0
3368       0
3369       6
3370       4
3371       6
3372       6
3373       2
3374       5
3375       8
3376       4
3377       2
3378       9
3379       2
3380       1
3381       5
3382       7
3383       2
3384       4
3385       6
3386       6
3387       4
3388       8
3389       1
3390       0
3391       8
3392       8
3393       3
3394       3
3395       2
3396       5
3397       4
3398       4
3399       8
3400       3
3401       3
3402       2
3403       4
3404       0
3405       3
3406       5
3407       0
3408       6
3409       1
3410       6
3411       6
3412       5
3413       8
3414       3
3415       6
3416       9
3417       7
3418       5
3419       2
3420       6
3421       7
3422       3
3423       2
3424       0
3425       0
3426       6
3427       5
3428       2
3429       1
3430       9
3431       6
3432       0
3433       7
3434       9
3435       6
3436       1
3437       7
3438       0
3439       3
3440       6
3441       5
3442       5
3443       3
3444       5
3445       9
3446       7
3447       8
3448       5
3449       6
3450       1
3451       0
3452       2
3453       2
3454       5
3455       6
3456       8
3457       7
3458       3
3459       1
3460       6
3461       2
3462       7
3463       0
3464       7
3465       3
3466       9
3467       0
3468       8
3469       0
3470       7
3471       7
3472       3
3473       4
3474       0
3475       0
3476       4
3477       5
3478       1
3479       3
3480       7
3481       1
3482       8
3483       8
3484       7
3485       4
3486       6
3487       0
3488       0
3489       1
3490       9
3491       1
3492       6
3493       0
3494       9
3495       9
3496       2
3497       0
3498       6
3499       3
3500       7
3501       3
3502       0
3503       2
3504       1
3505       2
3506       5
3507       8
3508       2
3509       7
3510       4
3511       2
3512       7
3513       1
3514       1
3515       5
3516       9
3517       0
3518       3
3519       5
3520       0
3521       3
3522       1
3523       3
3524       5
3525       5
3526       0
3527       1
3528       0
3529       4
3530       9
3531       6
3532       9
3533       3
3534       2
3535       9
3536       0
3537       1
3538       5
3539       8
3540       2
3541       8
3542       0
3543       6
3544       2
3545       4
3546       1
3547       5
3548       9
3549       8
3550       5
3551       0
3552       3
3553       5
3554       7
3555       6
3556       7
3557       6
3558       5
3559       5
3560       6
3561       1
3562       1
3563       2
3564       2
3565       4
3566       6
3567       9
3568       1
3569       4
3570       3
3571       3
3572       1
3573       3
3574       9
3575       9
3576       7
3577       0
3578       2
3579       2
3580       6
3581       2
3582       7
3583       6
3584       9
3585       6
3586       1
3587       8
3588       8
3589       2
3590       8
3591       0
3592       2
3593       8
3594       0
3595       8
3596       7
3597       7
3598       0
3599       1
3600       5
3601       1
3602       9
3603       7
3604       4
3605       0
3606       4
3607       9
3608       9
3609       9
3610       6
3611       3
3612       6
3613       6
3614       9
3615       8
3616       0
3617       0
3618       0
3619       7
3620       4
3621       7
3622       0
3623       4
3624       4
3625       5
3626       0
3627       4
3628       0
3629       6
3630       6
3631       0
3632       7
3633       5
3634       9
3635       6
3636       8
3637       1
3638       6
3639       7
3640       8
3641       5
3642       6
3643       0
3644       9
3645       9
3646       8
3647       5
3648       8
3649       4
3650       0
3651       8
3652       0
3653       3
3654       5
3655       4
3656       4
3657       5
3658       5
3659       6
3660       1
3661       7
3662       8
3663       3
3664       3
3665       8
3666       7
3667       5
3668       0
3669       6
3670       2
3671       5
3672       3
3673       4
3674       0
3675       4
3676       0
3677       0
3678       0
3679       6
3680       6
3681       4
3682       5
3683       1
3684       7
3685       4
3686       2
3687       2
3688       0
3689       5
3690       2
3691       9
3692       1
3693       2
3694       0
3695       9
3696       4
3697       5
3698       4
3699       6
3700       4
3701       1
3702       3
3703       9
3704       6
3705       3
3706       4
3707       3
3708       0
3709       6
3710       1
3711       1
3712       9
3713       0
3714       2
3715       4
3716       0
3717       5
3718       1
3719       4
3720       7
3721       4
3722       3
3723       2
3724       2
3725       8
3726       4
3727       5
3728       8
3729       5
3730       2
3731       8
3732       6
3733       5
3734       4
3735       8
3736       3
3737       9
3738       0
3739       5
3740       5
3741       5
3742       0
3743       1
3744       3
3745       0
3746       6
3747       3
3748       2
3749       1
3750       2
3751       2
3752       4
3753       1
3754       4
3755       8
3756       0
3757       2
3758       2
3759       3
3760       4
3761       0
3762       2
3763       5
3764       7
3765       1
3766       1
3767       7
3768       1
3769       5
3770       5
3771       1
3772       5
3773       3
3774       2
3775       9
3776       6
3777       5
3778       6
3779       7
3780       3
3781       0
3782       9
3783       1
3784       9
3785       8
3786       1
3787       4
3788       9
3789       9
3790       5
3791       7
3792       6
3793       9
3794       3
3795       4
3796       8
3797       5
3798       6
3799       4
3800       0
3801       1
3802       5
3803       8
3804       5
3805       3
3806       6
3807       5
3808       8
3809       6
3810       7
3811       1
3812       7
3813       6
3814       4
3815       8
3816       8
3817       4
3818       2
3819       6
3820       0
3821       0
3822       7
3823       0
3824       7
3825       4
3826       0
3827       8
3828       5
3829       1
3830       0
3831       6
3832       7
3833       3
3834       9
3835       7
3836       0
3837       2
3838       8
3839       1
3840       7
3841       0
3842       3
3843       7
3844       0
3845       1
3846       7
3847       7
3848       4
3849       8
3850       1
3851       1
3852       9
3853       7
3854       7
3855       7
3856       6
3857       5
3858       9
3859       5
3860       6
3861       1
3862       2
3863       6
3864       9
3865       8
3866       2
3867       7
3868       1
3869       2
3870       9
3871       9
3872       0
3873       6
3874       3
3875       4
3876       4
3877       3
3878       6
3879       3
3880       3
3881       4
3882       0
3883       1
3884       3
3885       8
3886       9
3887       7
3888       0
3889       1
3890       1
3891       6
3892       0
3893       3
3894       2
3895       2
3896       9
3897       1
3898       2
3899       6
3900       9
3901       7
3902       5
3903       2
3904       9
3905       2
3906       6
3907       1
3908       9
3909       6
3910       2
3911       4
3912       7
3913       6
3914       1
3915       8
3916       9
3917       3
3918       3
3919       4
3920       4
3921       7
3922       8
3923       7
3924       2
3925       2
3926       2
3927       8
3928       2
3929       0
3930       7
3931       5
3932       4
3933       6
3934       8
3935       0
3936       5
3937       3
3938       9
3939       5
3940       1
3941       5
3942       8
3943       4
3944       6
3945       3
3946       6
3947       6
3948       9
3949       1
3950       0
3951       9
3952       6
3953       7
3954       9
3955       6
3956       4
3957       6
3958       7
3959       6
3960       5
3961       3
3962       2
3963       9
3964       3
3965       2
3966       4
3967       2
3968       8
3969       1
3970       5
3971       7
3972       9
3973       2
3974       6
3975       9
3976       8
3977       2
3978       3
3979       6
3980       9
3981       4
3982       8
3983       1
3984       4
3985       5
3986       0
3987       0
3988       3
3989       7
3990       4
3991       7
3992       3
3993       1
3994       1
3995       1
3996       1
3997       8
3998       7
3999       5
4000       5
4001       8
4002       4
4003       7
4004       2
4005       5
4006       8
4007       7
4008       0
4009       2
4010       5
4011       6
4012       9
4013       1
4014       1
4015       2
4016       3
4017       9
4018       2
4019       1
4020       9
4021       4
4022       7
4023       9
4024       4
4025       8
4026       2
4027       8
4028       0
4029       9
4030       1
4031       0
4032       3
4033       2
4034       5
4035       0
4036       9
4037       4
4038       1
4039       3
4040       4
4041       9
4042       8
4043       5
4044       7
4045       1
4046       9
4047       2
4048       2
4049       8
4050       0
4051       2
4052       2
4053       6
4054       8
4055       7
4056       2
4057       0
4058       3
4059       7
4060       3
4061       7
4062       9
4063       9
4064       7
4065       6
4066       9
4067       3
4068       2
4069       0
4070       8
4071       7
4072       6
4073       0
4074       2
4075       1
4076       5
4077       0
4078       6
4079       1
4080       9
4081       3
4082       4
4083       7
4084       2
4085       2
4086       0
4087       2
4088       6
4089       2
4090       1
4091       0
4092       4
4093       4
4094       5
4095       5
4096       7
4097       4
4098       8
4099       8
4100       5
4101       1
4102       5
4103       7
4104       6
4105       1
4106       7
4107       8
4108       2
4109       2
4110       5
4111       8
4112       6
4113       2
4114       7
4115       5
4116       7
4117       5
4118       3
4119       7
4120       5
4121       3
4122       5
4123       6
4124       5
4125       8
4126       1
4127       3
4128       7
4129       2
4130       0
4131       0
4132       2
4133       3
4134       2
4135       6
4136       5
4137       8
4138       1
4139       9
4140       3
4141       8
4142       0
4143       1
4144       2
4145       2
4146       6
4147       1
4148       8
4149       3
4150       2
4151       3
4152       0
4153       4
4154       5
4155       3
4156       9
4157       7
4158       1
4159       4
4160       3
4161       0
4162       3
4163       7
4164       4
4165       8
4166       7
4167       7
4168       0
4169       1
4170       1
4171       4
4172       7
4173       3
4174       3
4175       5
4176       8
4177       0
4178       4
4179       8
4180       9
4181       4
4182       3
4183       2
4184       3
4185       7
4186       7
4187       6
4188       5
4189       7
4190       6
4191       2
4192       2
4193       8
4194       4
4195       7
4196       5
4197       9
4198       4
4199       8
4200       4
4201       8
4202       5
4203       1
4204       5
4205       3
4206       0
4207       4
4208       9
4209       4
4210       0
4211       7
4212       0
4213       8
4214       1
4215       9
4216       7
4217       9
4218       9
4219       6
4220       4
4221       6
4222       2
4223       6
4224       7
4225       1
4226       1
4227       5
4228       2
4229       7
4230       7
4231       7
4232       6
4233       1
4234       8
4235       2
4236       6
4237       6
4238       7
4239       6
4240       5
4241       2
4242       9
4243       7
4244       6
4245       8
4246       3
4247       5
4248       7
4249       6
4250       9
4251       0
4252       4
4253       5
4254       6
4255       8
4256       9
4257       5
4258       3
4259       5
4260       5
4261       5
4262       4
4263       7
4264       0
4265       4
4266       4
4267       8
4268       4
4269       3
4270       1
4271       3
4272       9
4273       6
4274       3
4275       2
4276       6
4277       4
4278       8
4279       1
4280       6
4281       3
4282       3
4283       5
4284       8
4285       3
4286       5
4287       9
4288       0
4289       7
4290       2
4291       5
4292       4
4293       3
4294       9
4295       7
4296       7
4297       8
4298       5
4299       8
4300       3
4301       3
4302       5
4303       6
4304       0
4305       6
4306       3
4307       3
4308       1
4309       4
4310       5
4311       7
4312       9
4313       8
4314       4
4315       7
4316       0
4317       7
4318       2
4319       3
4320       3
4321       9
4322       2
4323       6
4324       2
4325       3
4326       4
4327       8
4328       9
4329       5
4330       5
4331       1
4332       9
4333       2
4334       4
4335       3
4336       4
4337       5
4338       1
4339       9
4340       9
4341       1
4342       6
4343       1
4344       2
4345       2
4346       6
4347       9
4348       2
4349       6
4350       4
4351       0
4352       6
4353       7
4354       2
4355       6
4356       4
4357       1
4358       0
4359       3
4360       0
4361       7
4362       1
4363       9
4364       2
4365       1
4366       1
4367       8
4368       2
4369       9
4370       3
4371       3
4372       4
4373       1
4374       5
4375       3
4376       8
4377       8
4378       6
4379       7
4380       2
4381       7
4382       9
4383       4
4384       9
4385       6
4386       7
4387       7
4388       6
4389       1
4390       3
4391       1
4392       4
4393       3
4394       1
4395       4
4396       6
4397       2
4398       4
4399       6
4400       8
4401       4
4402       2
4403       7
4404       3
4405       1
4406       0
4407       0
4408       5
4409       9
4410       0
4411       1
4412       8
4413       3
4414       6
4415       7
4416       9
4417       2
4418       5
4419       0
4420       6
4421       6
4422       0
4423       2
4424       2
4425       3
4426       6
4427       5
4428       8
4429       6
4430       2
4431       0
4432       8
4433       5
4434       0
4435       7
4436       1
4437       3
4438       7
4439       8
4440       0
4441       0
4442       7
4443       8
4444       3
4445       9
4446       5
4447       7
4448       7
4449       7
4450       1
4451       5
4452       1
4453       6
4454       0
4455       2
4456       2
4457       5
4458       5
4459       0
4460       6
4461       9
4462       8
4463       9
4464       5
4465       7
4466       3
4467       5
4468       3
4469       7
4470       3
4471       4
4472       7
4473       1
4474       4
4475       1
4476       7
4477       2
4478       9
4479       6
4480       5
4481       9
4482       9
4483       5
4484       9
4485       6
4486       8
4487       3
4488       5
4489       7
4490       8
4491       4
4492       7
4493       2
4494       5
4495       6
4496       4
4497       4
4498       0
4499       3
4500       6
4501       7
4502       4
4503       7
4504       9
4505       5
4506       4
4507       2
4508       7
4509       3
4510       2
4511       2
4512       9
4513       0
4514       9
4515       7
4516       4
4517       0
4518       9
4519       5
4520       9
4521       5
4522       4
4523       1
4524       4
4525       9
4526       1
4527       3
4528       3
4529       7
4530       4
4531       1
4532       0
4533       8
4534       0
4535       0
4536       8
4537       5
4538       3
4539       3
4540       1
4541       4
4542       6
4543       0
4544       4
4545       7
4546       1
4547       6
4548       9
4549       1
4550       4
4551       0
4552       6
4553       6
4554       4
4555       3
4556       2
4557       2
4558       6
4559       6
4560       7
4561       5
4562       6
4563       7
4564       0
4565       6
4566       3
4567       2
4568       8
4569       4
4570       8
4571       6
4572       9
4573       2
4574       4
4575       8
4576       4
4577       6
4578       0
4579       7
4580       5
4581       5
4582       8
4583       0
4584       2
4585       7
4586       9
4587       2
4588       9
4589       0
4590       2
4591       2
4592       8
4593       8
4594       8
4595       7
4596       5
4597       8
4598       2
4599       6
4600       0
4601       1
4602       6
4603       4
4604       8
4605       2
4606       8
4607       3
4608       4
4609       6
4610       1
4611       6
4612       2
4613       6
4614       7
4615       0
4616       5
4617       1
4618       6
4619       4
4620       9
4621       9
4622       7
4623       8
4624       5
4625       3
4626       7
4627       1
4628       8
4629       5
4630       2
4631       8
4632       1
4633       0
4634       6
4635       2
4636       6
4637       5
4638       5
4639       3
4640       6
4641       6
4642       4
4643       9
4644       7
4645       3
4646       3
4647       3
4648       8
4649       5
4650       1
4651       2
4652       4
4653       9
4654       4
4655       2
4656       8
4657       7
4658       3
4659       9
4660       5
4661       0
4662       2
4663       2
4664       8
4665       2
4666       9
4667       4
4668       5
4669       8
4670       3
4671       2
4672       1
4673       2
4674       6
4675       4
4676       8
4677       0
4678       9
4679       7
4680       2
4681       3
4682       7
4683       3
4684       5
4685       0
4686       4
4687       3
4688       2
4689       4
4690       2
4691       2
4692       4
4693       3
4694       4
4695       8
4696       5
4697       4
4698       9
4699       8
4700       2
4701       5
4702       4
4703       4
4704       9
4705       8
4706       4
4707       8
4708       6
4709       0
4710       1
4711       2
4712       2
4713       7
4714       7
4715       2
4716       8
4717       5
4718       6
4719       7
4720       7
4721       6
4722       5
4723       5
4724       7
4725       7
4726       2
4727       6
4728       5
4729       7
4730       4
4731       3
4732       1
4733       4
4734       2
4735       9
4736       8
4737       2
4738       6
4739       3
4740       8
4741       9
4742       6
4743       2
4744       0
4745       4
4746       8
4747       2
4748       4
4749       4
4750       3
4751       2
4752       4
4753       2
4754       9
4755       3
4756       4
4757       8
4758       4
4759       1
4760       5
4761       5
4762       4
4763       1
4764       1
4765       3
4766       3
4767       1
4768       9
4769       5
4770       0
4771       9
4772       0
4773       8
4774       1
4775       2
4776       4
4777       1
4778       1
4779       6
4780       8
4781       5
4782       6
4783       1
4784       2
4785       7
4786       6
4787       4
4788       4
4789       6
4790       0
4791       4
4792       3
4793       7
4794       4
4795       7
4796       8
4797       5
4798       8
4799       1
4800       1
4801       7
4802       6
4803       1
4804       8
4805       8
4806       2
4807       7
4808       0
4809       8
4810       8
4811       8
4812       0
4813       5
4814       4
4815       0
4816       0
4817       3
4818       7
4819       1
4820       5
4821       6
4822       9
4823       4
4824       8
4825       3
4826       6
4827       7
4828       8
4829       1
4830       8
4831       0
4832       9
4833       3
4834       0
4835       0
4836       8
4837       4
4838       1
4839       1
4840       5
4841       5
4842       6
4843       8
4844       1
4845       3
4846       2
4847       9
4848       2
4849       5
4850       4
4851       8
4852       9
4853       3
4854       9
4855       9
4856       0
4857       2
4858       2
4859       5
4860       0
4861       6
4862       0
4863       6
4864       9
4865       2
4866       0
4867       9
4868       0
4869       7
4870       2
4871       0
4872       3
4873       8
4874       9
4875       9
4876       7
4877       9
4878       6
4879       3
4880       9
4881       1
4882       2
4883       0
4884       3
4885       7
4886       2
4887       2
4888       6
4889       4
4890       4
4891       9
4892       2
4893       9
4894       0
4895       6
4896       3
4897       1
4898       4
4899       8
4900       5
4901       9
4902       0
4903       0
4904       2
4905       4
4906       3
4907       4
4908       9
4909       8
4910       6
4911       8
4912       8
4913       2
4914       4
4915       9
4916       3
4917       8
4918       1
4919       8
4920       4
4921       2
4922       9
4923       1
4924       8
4925       9
4926       4
4927       7
4928       0
4929       9
4930       1
4931       1
4932       8
4933       6
4934       8
4935       7
4936       9
4937       4
4938       8
4939       1
4940       9
4941       3
4942       0
4943       1
4944       5
4945       7
4946       1
4947       3
4948       1
4949       4
4950       7
4951       2
4952       6
4953       6
4954       6
4955       7
4956       1
4957       2
4958       3
4959       6
4960       9
4961       3
4962       1
4963       9
4964       3
4965       2
4966       5
4967       7
4968       7
4969       0
4970       9
4971       1
4972       8
4973       3
4974       4
4975       2
4976       6
4977       0
4978       9
4979       9
4980       5
4981       1
4982       4
4983       3
4984       0
4985       1
4986       5
4987       5
4988       1
4989       0
4990       0
4991       7
4992       8
4993       1
4994       9
4995       0
4996       3
4997       5
4998       6
4999       9
5000       8
5001       1
5002       4
5003       0
5004       4
5005       0
5006       3
5007       2
5008       9
5009       5
5010       0
5011       3
5012       2
5013       0
5014       7
5015       7
5016       4
5017       7
5018       4
5019       7
5020       2
5021       4
5022       5
5023       6
5024       3
5025       3
5026       1
5027       8
5028       9
5029       3
5030       9
5031       7
5032       5
5033       6
5034       2
5035       0
5036       3
5037       3
5038       6
5039       5
5040       2
5041       1
5042       3
5043       5
5044       2
5045       9
5046       5
5047       9
5048       9
5049       1
5050       6
5051       9
5052       1
5053       2
5054       6
5055       7
5056       1
5057       8
5058       6
5059       4
5060       7
5061       2
5062       8
5063       8
5064       2
5065       9
5066       1
5067       5
5068       4
5069       1
5070       3
5071       5
5072       9
5073       8
5074       9
5075       0
5076       9
5077       1
5078       6
5079       6
5080       1
5081       3
5082       1
5083       5
5084       0
5085       9
5086       5
5087       5
5088       6
5089       1
5090       4
5091       3
5092       0
5093       8
5094       0
5095       6
5096       4
5097       2
5098       4
5099       6
5100       6
5101       5
5102       6
5103       5
5104       7
5105       4
5106       7
5107       9
5108       4
5109       6
5110       7
5111       0
5112       5
5113       2
5114       0
5115       1
5116       4
5117       0
5118       0
5119       7
5120       7
5121       6
5122       6
5123       6
5124       8
5125       0
5126       7
5127       9
5128       6
5129       2
5130       8
5131       5
5132       4
5133       6
5134       7
5135       3
5136       5
5137       3
5138       0
5139       5
5140       1
5141       6
5142       4
5143       0
5144       4
5145       6
5146       0
5147       6
5148       3
5149       0
5150       9
5151       7
5152       5
5153       7
5154       1
5155       7
5156       5
5157       8
5158       6
5159       6
5160       6
5161       3
5162       6
5163       9
5164       1
5165       2
5166       3
5167       1
5168       0
5169       5
5170       4
5171       9
5172       8
5173       4
5174       6
5175       3
5176       8
5177       1
5178       4
5179       4
5180       8
5181       1
5182       4
5183       2
5184       6
5185       4
5186       4
5187       7
5188       9
5189       5
5190       3
5191       9
5192       7
5193       8
5194       7
5195       8
5196       3
5197       4
5198       9
5199       4
5200       1
5201       6
5202       0
5203       7
5204       7
5205       1
5206       1
5207       4
5208       3
5209       4
5210       5
5211       8
5212       2
5213       1
5214       3
5215       3
5216       5
5217       7
5218       1
5219       6
5220       4
5221       6
5222       0
5223       2
5224       2
5225       5
5226       4
5227       3
5228       9
5229       8
5230       8
5231       3
5232       1
5233       6
5234       3
5235       2
5236       5
5237       4
5238       2
5239       8
5240       9
5241       5
5242       6
5243       3
5244       0
5245       0
5246       4
5247       0
5248       8
5249       2
5250       5
5251       3
5252       6
5253       9
5254       3
5255       6
5256       7
5257       3
5258       0
5259       5
5260       2
5261       1
5262       7
5263       7
5264       0
5265       6
5266       4
5267       2
5268       1
5269       8
5270       7
5271       7
5272       0
5273       1
5274       7
5275       1
5276       6
5277       3
5278       9
5279       9
5280       1
5281       2
5282       1
5283       9
5284       7
5285       2
5286       7
5287       9
5288       2
5289       2
5290       4
5291       7
5292       3
5293       2
5294       9
5295       9
5296       0
5297       9
5298       3
5299       6
5300       6
5301       8
5302       5
5303       0
5304       8
5305       5
5306       2
5307       5
5308       1
5309       4
5310       0
5311       2
5312       1
5313       8
5314       5
5315       7
5316       1
5317       9
5318       3
5319       1
5320       2
5321       3
5322       1
5323       3
5324       0
5325       9
5326       7
5327       4
5328       0
5329       8
5330       8
5331       3
5332       9
5333       1
5334       8
5335       4
5336       0
5337       0
5338       7
5339       8
5340       0
5341       2
5342       0
5343       6
5344       8
5345       5
5346       3
5347       3
5348       9
5349       7
5350       8
5351       2
5352       1
5353       3
5354       6
5355       9
5356       0
5357       7
5358       4
5359       8
5360       9
5361       1
5362       6
5363       1
5364       0
5365       4
5366       0
5367       7
5368       7
5369       8
5370       3
5371       2
5372       5
5373       5
5374       8
5375       3
5376       7
5377       2
5378       4
5379       5
5380       9
5381       3
5382       1
5383       0
5384       8
5385       3
5386       8
5387       3
5388       3
5389       8
5390       7
5391       7
5392       3
5393       1
5394       6
5395       9
5396       9
5397       2
5398       5
5399       1
5400       6
5401       5
5402       8
5403       6
5404       5
5405       0
5406       4
5407       9
5408       2
5409       5
5410       9
5411       0
5412       2
5413       4
5414       9
5415       0
5416       7
5417       0
5418       5
5419       7
5420       8
5421       2
5422       8
5423       6
5424       3
5425       9
5426       6
5427       9
5428       8
5429       9
5430       4
5431       1
5432       4
5433       7
5434       5
5435       6
5436       9
5437       6
5438       0
5439       6
5440       2
5441       0
5442       7
5443       9
5444       6
5445       5
5446       1
5447       2
5448       8
5449       0
5450       4
5451       5
5452       5
5453       1
5454       9
5455       5
5456       0
5457       9
5458       8
5459       9
5460       5
5461       7
5462       7
5463       0
5464       7
5465       9
5466       2
5467       0
5468       7
5469       7
5470       1
5471       7
5472       2
5473       4
5474       6
5475       4
5476       7
5477       3
5478       3
5479       9
5480       4
5481       1
5482       4
5483       8
5484       6
5485       0
5486       5
5487       3
5488       8
5489       8
5490       4
5491       9
5492       6
5493       0
5494       4
5495       5
5496       9
5497       6
5498       8
5499       9
5500       9
5501       8
5502       5
5503       1
5504       4
5505       5
5506       5
5507       2
5508       1
5509       3
5510       1
5511       3
5512       4
5513       2
5514       2
5515       9
5516       5
5517       6
5518       7
5519       4
5520       8
5521       4
5522       5
5523       4
5524       0
5525       3
5526       5
5527       3
5528       9
5529       2
5530       1
5531       3
5532       8
5533       4
5534       1
5535       8
5536       2
5537       4
5538       1
5539       0
5540       8
5541       2
5542       4
5543       4
5544       9
5545       2
5546       5
5547       0
5548       9
5549       3
5550       3
5551       4
5552       3
5553       2
5554       5
5555       3
5556       9
5557       1
5558       0
5559       1
5560       8
5561       9
5562       2
5563       6
5564       2
5565       3
5566       7
5567       7
5568       7
5569       6
5570       4
5571       5
5572       4
5573       1
5574       1
5575       7
5576       7
5577       0
5578       5
5579       3
5580       5
5581       7
5582       5
5583       7
5584       1
5585       7
5586       5
5587       2
5588       6
5589       3
5590       3
5591       2
5592       6
5593       6
5594       2
5595       7
5596       1
5597       6
5598       1
5599       6
5600       5
5601       6
5602       1
5603       1
5604       1
5605       0
5606       1
5607       1
5608       5
5609       5
5610       6
5611       1
5612       9
5613       0
5614       4
5615       4
5616       0
5617       9
5618       5
5619       8
5620       4
5621       7
5622       2
5623       5
5624       0
5625       7
5626       2
5627       9
5628       8
5629       9
5630       7
5631       8
5632       0
5633       4
5634       9
5635       0
5636       9
5637       0
5638       8
5639       7
5640       5
5641       2
5642       0
5643       8
5644       0
5645       9
5646       1
5647       1
5648       9
5649       1
5650       6
5651       5
5652       7
5653       8
5654       7
5655       5
5656       1
5657       5
5658       9
5659       2
5660       0
5661       0
5662       5
5663       6
5664       9
5665       2
5666       2
5667       6
5668       9
5669       7
5670       5
5671       1
5672       5
5673       7
5674       1
5675       0
5676       9
5677       5
5678       4
5679       6
5680       6
5681       9
5682       6
5683       4
5684       8
5685       1
5686       9
5687       5
5688       3
5689       8
5690       8
5691       6
5692       5
5693       1
5694       3
5695       4
5696       1
5697       2
5698       3
5699       2
5700       3
5701       0
5702       6
5703       6
5704       8
5705       9
5706       7
5707       5
5708       4
5709       4
5710       6
5711       7
5712       6
5713       6
5714       2
5715       4
5716       0
5717       3
5718       9
5719       7
5720       6
5721       7
5722       8
5723       8
5724       8
5725       0
5726       9
5727       0
5728       9
5729       4
5730       7
5731       4
5732       7
5733       6
5734       9
5735       6
5736       6
5737       5
5738       5
5739       8
5740       4
5741       3
5742       6
5743       5
5744       2
5745       7
5746       1
5747       5
5748       3
5749       3
5750       4
5751       4
5752       6
5753       6
5754       3
5755       1
5756       9
5757       0
5758       5
5759       0
5760       8
5761       4
5762       1
5763       9
5764       9
5765       7
5766       9
5767       8
5768       8
5769       7
5770       6
5771       4
5772       2
5773       5
5774       3
5775       3
5776       9
5777       6
5778       0
5779       4
5780       5
5781       1
5782       9
5783       6
5784       2
5785       0
5786       2
5787       8
5788       9
5789       4
5790       6
5791       0
5792       6
5793       0
5794       0
5795       0
5796       2
5797       3
5798       0
5799       8
5800       0
5801       4
5802       2
5803       6
5804       4
5805       5
5806       1
5807       7
5808       2
5809       8
5810       1
5811       5
5812       9
5813       2
5814       4
5815       1
5816       0
5817       2
5818       2
5819       6
5820       9
5821       6
5822       2
5823       5
5824       6
5825       7
5826       0
5827       8
5828       3
5829       9
5830       9
5831       3
5832       1
5833       3
5834       2
5835       1
5836       7
5837       4
5838       9
5839       8
5840       4
5841       2
5842       7
5843       6
5844       4
5845       0
5846       6
5847       1
5848       8
5849       7
5850       8
5851       6
5852       3
5853       1
5854       4
5855       5
5856       9
5857       6
5858       2
5859       7
5860       0
5861       0
5862       8
5863       6
5864       2
5865       5
5866       4
5867       1
5868       7
5869       5
5870       6
5871       9
5872       4
5873       8
5874       8
5875       7
5876       7
5877       0
5878       3
5879       7
5880       8
5881       7
5882       5
5883       6
5884       5
5885       8
5886       9
5887       3
5888       7
5889       1
5890       9
5891       2
5892       7
5893       1
5894       1
5895       7
5896       5
5897       6
5898       0
5899       6
5900       2
5901       3
5902       3
5903       3
5904       8
5905       7
5906       9
5907       0
5908       0
5909       3
5910       3
5911       5
5912       6
5913       2
5914       4
5915       9
5916       8
5917       1
5918       8
5919       1
5920       0
5921       6
5922       3
5923       6
5924       4
5925       5
5926       9
5927       8
5928       5
5929       9
5930       3
5931       9
5932       3
5933       2
5934       0
5935       1
5936       2
5937       4
5938       6
5939       2
5940       1
5941       3
5942       7
5943       7
5944       2
5945       7
5946       9
5947       8
5948       0
5949       4
5950       0
5951       8
5952       8
5953       9
5954       3
5955       5
5956       0
5957       2
5958       2
5959       6
5960       4
5961       7
5962       2
5963       1
5964       7
5965       8
5966       6
5967       4
5968       0
5969       8
5970       2
5971       1
5972       9
5973       5
5974       6
5975       7
5976       2
5977       5
5978       9
5979       0
5980       2
5981       8
5982       5
5983       2
5984       4
5985       7
5986       7
5987       7
5988       0
5989       9
5990       5
5991       7
5992       0
5993       7
5994       0
5995       3
5996       5
5997       0
5998       2
5999       4
6000       1
6001       8
6002       4
6003       9
6004       2
6005       1
6006       5
6007       6
6008       8
6009       5
6010       6
6011       7
6012       9
6013       2
6014       0
6015       3
6016       7
6017       3
6018       0
6019       8
6020       2
6021       5
6022       7
6023       6
6024       4
6025       2
6026       6
6027       8
6028       3
6029       6
6030       9
6031       0
6032       9
6033       2
6034       2
6035       0
6036       2
6037       7
6038       7
6039       9
6040       4
6041       6
6042       5
6043       1
6044       4
6045       2
6046       8
6047       8
6048       2
6049       7
6050       0
6051       6
6052       5
6053       2
6054       5
6055       7
6056       2
6057       0
6058       3
6059       0
6060       0
6061       7
6062       3
6063       9
6064       8
6065       0
6066       7
6067       7
6068       5
6069       8
6070       5
6071       8
6072       3
6073       3
6074       8
6075       6
6076       9
6077       8
6078       7
6079       3
6080       3
6081       3
6082       0
6083       6
6084       9
6085       2
6086       6
6087       7
6088       1
6089       5
6090       8
6091       3
6092       4
6093       3
6094       9
6095       1
6096       8
6097       0
6098       5
6099       0
6100       5
6101       2
6102       4
6103       9
6104       8
6105       5
6106       2
6107       4
6108       6
6109       9
6110       2
6111       6
6112       1
6113       4
6114       1
6115       1
6116       0
6117       0
6118       7
6119       3
6120       6
6121       2
6122       2
6123       0
6124       2
6125       3
6126       3
6127       7
6128       9
6129       7
6130       6
6131       5
6132       8
6133       4
6134       2
6135       9
6136       1
6137       0
6138       1
6139       8
6140       3
6141       6
6142       9
6143       3
6144       1
6145       8
6146       7
6147       3
6148       8
6149       3
6150       9
6151       2
6152       1
6153       2
6154       6
6155       6
6156       1
6157       4
6158       1
6159       9
6160       4
6161       0
6162       5
6163       7
6164       0
6165       2
6166       3
6167       9
6168       1
6169       9
6170       1
6171       4
6172       6
6173       4
6174       2
6175       1
6176       7
6177       3
6178       7
6179       8
6180       0
6181       7
6182       0
6183       8
6184       1
6185       8
6186       1
6187       7
6188       9
6189       1
6190       2
6191       1
6192       7
6193       7
6194       3
6195       0
6196       4
6197       4
6198       9
6199       6
6200       1
6201       4
6202       6
6203       2
6204       0
6205       5
6206       9
6207       3
6208       0
6209       2
6210       8
6211       8
6212       2
6213       8
6214       1
6215       2
6216       3
6217       0
6218       2
6219       7
6220       5
6221       9
6222       5
6223       0
6224       6
6225       4
6226       8
6227       1
6228       2
6229       8
6230       6
6231       7
6232       2
6233       5
6234       0
6235       8
6236       4
6237       0
6238       5
6239       3
6240       5
6241       5
6242       7
6243       9
6244       2
6245       5
6246       1
6247       5
6248       3
6249       4
6250       8
6251       4
6252       0
6253       5
6254       0
6255       9
6256       5
6257       2
6258       3
6259       8
6260       6
6261       5
6262       2
6263       7
6264       8
6265       6
6266       4
6267       4
6268       2
6269       0
6270       6
6271       3
6272       7
6273       8
6274       8
6275       8
6276       9
6277       5
6278       8
6279       8
6280       2
6281       4
6282       3
6283       2
6284       7
6285       8
6286       7
6287       1
6288       7
6289       5
6290       2
6291       0
6292       1
6293       3
6294       7
6295       3
6296       1
6297       5
6298       5
6299       2
6300       8
6301       8
6302       2
6303       4
6304       6
6305       7
6306       1
6307       5
6308       5
6309       1
6310       1
6311       8
6312       6
6313       2
6314       2
6315       0
6316       7
6317       2
6318       4
6319       9
6320       9
6321       1
6322       1
6323       8
6324       6
6325       0
6326       0
6327       7
6328       3
6329       5
6330       0
6331       1
6332       2
6333       2
6334       7
6335       8
6336       4
6337       4
6338       3
6339       2
6340       4
6341       1
6342       8
6343       4
6344       6
6345       9
6346       1
6347       4
6348       7
6349       2
6350       3
6351       6
6352       7
6353       9
6354       6
6355       2
6356       2
6357       6
6358       5
6359       3
6360       7
6361       9
6362       3
6363       7
6364       9
6365       1
6366       8
6367       0
6368       8
6369       7
6370       1
6371       4
6372       6
6373       8
6374       1
6375       9
6376       4
6377       7
6378       2
6379       3
6380       2
6381       4
6382       9
6383       0
6384       1
6385       8
6386       3
6387       3
6388       2
6389       4
6390       0
6391       6
6392       0
6393       2
6394       1
6395       9
6396       6
6397       7
6398       0
6399       0
6400       0
6401       6
6402       3
6403       5
6404       6
6405       5
6406       4
6407       8
6408       0
6409       8
6410       6
6411       9
6412       4
6413       1
6414       5
6415       1
6416       1
6417       6
6418       9
6419       7
6420       1
6421       2
6422       6
6423       1
6424       5
6425       3
6426       8
6427       1
6428       7
6429       7
6430       1
6431       8
6432       0
6433       7
6434       4
6435       6
6436       4
6437       0
6438       1
6439       0
6440       6
6441       9
6442       8
6443       7
6444       7
6445       1
6446       8
6447       7
6448       6
6449       7
6450       6
6451       4
6452       6
6453       7
6454       2
6455       8
6456       2
6457       7
6458       0
6459       6
6460       4
6461       0
6462       2
6463       6
6464       1
6465       5
6466       9
6467       4
6468       4
6469       5
6470       4
6471       0
6472       0
6473       1
6474       4
6475       2
6476       0
6477       6
6478       9
6479       1
6480       3
6481       0
6482       0
6483       2
6484       8
6485       8
6486       8
6487       7
6488       0
6489       5
6490       9
6491       1
6492       5
6493       5
6494       7
6495       5
6496       7
6497       9
6498       9
6499       5
6500       4
6501       3
6502       6
6503       6
6504       0
6505       6
6506       3
6507       8
6508       2
6509       6
6510       4
6511       6
6512       1
6513       8
6514       9
6515       9
6516       0
6517       4
6518       8
6519       4
6520       2
6521       0
6522       5
6523       6
6524       3
6525       0
6526       1
6527       8
6528       7
6529       7
6530       2
6531       4
6532       0
6533       2
6534       7
6535       7
6536       6
6537       7
6538       7
6539       9
6540       5
6541       9
6542       6
6543       1
6544       3
6545       3
6546       3
6547       1
6548       6
6549       8
6550       4
6551       0
6552       6
6553       6
6554       1
6555       5
6556       6
6557       8
6558       2
6559       6
6560       5
6561       0
6562       0
6563       1
6564       4
6565       1
6566       7
6567       5
6568       3
6569       2
6570       0
6571       2
6572       2
6573       9
6574       8
6575       1
6576       4
6577       4
6578       6
6579       2
6580       1
6581       0
6582       3
6583       3
6584       0
6585       0
6586       5
6587       4
6588       7
6589       1
6590       7
6591       3
6592       4
6593       9
6594       6
6595       4
6596       7
6597       7
6598       4
6599       6
6600       0
6601       7
6602       6
6603       2
6604       0
6605       6
6606       6
6607       2
6608       6
6609       0
6610       5
6611       9
6612       6
6613       1
6614       5
6615       1
6616       6
6617       9
6618       4
6619       7
6620       5
6621       1
6622       5
6623       5
6624       9
6625       2
6626       9
6627       4
6628       8
6629       9
6630       9
6631       1
6632       7
6633       3
6634       3
6635       6
6636       7
6637       8
6638       7
6639       2
6640       5
6641       3
6642       2
6643       7
6644       0
6645       5
6646       7
6647       9
6648       5
6649       9
6650       0
6651       5
6652       9
6653       5
6654       0
6655       3
6656       2
6657       3
6658       8
6659       2
6660       0
6661       1
6662       6
6663       2
6664       6
6665       7
6666       2
6667       2
6668       1
6669       1
6670       6
6671       0
6672       8
6673       0
6674       8
6675       8
6676       6
6677       6
6678       9
6679       3
6680       3
6681       9
6682       6
6683       7
6684       9
6685       2
6686       4
6687       5
6688       1
6689       4
6690       7
6691       7
6692       9
6693       7
6694       9
6695       0
6696       5
6697       7
6698       0
6699       2
6700       2
6701       3
6702       9
6703       3
6704       1
6705       6
6706       1
6707       1
6708       1
6709       1
6710       8
6711       3
6712       3
6713       7
6714       0
6715       4
6716       5
6717       4
6718       6
6719       2
6720       8
6721       8
6722       3
6723       7
6724       4
6725       8
6726       0
6727       8
6728       3
6729       7
6730       1
6731       6
6732       3
6733       3
6734       7
6735       1
6736       8
6737       2
6738       1
6739       8
6740       6
6741       6
6742       9
6743       7
6744       7
6745       3
6746       2
6747       8
6748       6
6749       8
6750       4
6751       8
6752       4
6753       0
6754       9
6755       8
6756       9
6757       5
6758       7
6759       8
6760       3
6761       5
6762       5
6763       3
6764       2
6765       7
6766       8
6767       5
6768       4
6769       1
6770       6
6771       7
6772       3
6773       8
6774       3
6775       3
6776       6
6777       9
6778       7
6779       9
6780       3
6781       2
6782       0
6783       9
6784       6
6785       5
6786       5
6787       3
6788       5
6789       0
6790       7
6791       0
6792       8
6793       3
6794       3
6795       0
6796       0
6797       1
6798       6
6799       7
6800       7
6801       9
6802       1
6803       0
6804       8
6805       8
6806       9
6807       5
6808       4
6809       3
6810       4
6811       6
6812       6
6813       2
6814       4
6815       4
6816       7
6817       1
6818       9
6819       2
6820       8
6821       3
6822       6
6823       2
6824       7
6825       5
6826       3
6827       6
6828       9
6829       9
6830       1
6831       3
6832       9
6833       0
6834       9
6835       8
6836       9
6837       1
6838       8
6839       5
6840       1
6841       7
6842       0
6843       2
6844       1
6845       4
6846       8
6847       9
6848       2
6849       3
6850       8
6851       8
6852       6
6853       1
6854       1
6855       1
6856       9
6857       0
6858       9
6859       8
6860       1
6861       7
6862       8
6863       0
6864       4
6865       2
6866       1
6867       9
6868       3
6869       8
6870       1
6871       2
6872       2
6873       1
6874       5
6875       8
6876       7
6877       5
6878       5
6879       1
6880       1
6881       1
6882       0
6883       8
6884       2
6885       1
6886       4
6887       3
6888       9
6889       0
6890       2
6891       4
6892       5
6893       5
6894       6
6895       6
6896       3
6897       1
6898       1
6899       8
6900       0
6901       1
6902       4
6903       9
6904       6
6905       9
6906       4
6907       8
6908       9
6909       1
6910       8
6911       9
6912       4
6913       2
6914       2
6915       2
6916       0
6917       1
6918       6
6919       2
6920       6
6921       4
6922       1
6923       5
6924       4
6925       0
6926       9
6927       6
6928       9
6929       7
6930       0
6931       4
6932       1
6933       6
6934       2
6935       9
6936       4
6937       5
6938       4
6939       1
6940       5
6941       5
6942       9
6943       3
6944       2
6945       9
6946       9
6947       9
6948       7
6949       4
6950       0
6951       2
6952       6
6953       6
6954       8
6955       2
6956       5
6957       7
6958       6
6959       4
6960       3
6961       4
6962       4
6963       8
6964       6
6965       6
6966       2
6967       0
6968       1
6969       8
6970       4
6971       3
6972       6
6973       5
6974       4
6975       3
6976       9
6977       0
6978       7
6979       1
6980       6
6981       5
6982       9
6983       9
6984       3
6985       6
6986       3
6987       9
6988       0
6989       6
6990       8
6991       0
6992       6
6993       4
6994       5
6995       3
6996       8
6997       1
6998       0
6999       2
7000       8
7001       1
7002       8
7003       0
7004       2
7005       9
7006       6
7007       4
7008       5
7009       3
7010       6
7011       3
7012       5
7013       0
7014       8
7015       0
7016       0
7017       9
7018       9
7019       5
7020       2
7021       0
7022       6
7023       2
7024       8
7025       5
7026       0
7027       5
7028       1
7029       6
7030       8
7031       5
7032       7
7033       1
7034       6
7035       8
7036       2
7037       5
7038       3
7039       9
7040       8
7041       3
7042       4
7043       2
7044       7
7045       2
7046       2
7047       8
7048       4
7049       4
7050       3
7051       5
7052       5
7053       6
7054       6
7055       4
7056       6
7057       2
7058       2
7059       9
7060       5
7061       4
7062       8
7063       1
7064       8
7065       9
7066       9
7067       8
7068       7
7069       9
7070       5
7071       8
7072       1
7073       8
7074       2
7075       7
7076       3
7077       7
7078       5
7079       9
7080       8
7081       7
7082       5
7083       1
7084       7
7085       1
7086       1
7087       4
7088       5
7089       0
7090       6
7091       7
7092       0
7093       2
7094       7
7095       2
7096       5
7097       9
7098       7
7099       3
7100       5
7101       5
7102       6
7103       8
7104       1
7105       1
7106       0
7107       2
7108       1
7109       5
7110       3
7111       7
7112       9
7113       0
7114       3
7115       5
7116       1
7117       7
7118       5
7119       0
7120       1
7121       3
7122       0
7123       5
7124       7
7125       0
7126       2
7127       4
7128       4
7129       4
7130       4
7131       9
7132       1
7133       4
7134       4
7135       4
7136       8
7137       7
7138       8
7139       7
7140       7
7141       7
7142       3
7143       5
7144       9
7145       0
7146       0
7147       0
7148       8
7149       3
7150       0
7151       3
7152       2
7153       0
7154       1
7155       8
7156       2
7157       0
7158       4
7159       6
7160       5
7161       2
7162       5
7163       0
7164       7
7165       6
7166       6
7167       8
7168       3
7169       3
7170       0
7171       9
7172       7
7173       8
7174       8
7175       9
7176       7
7177       4
7178       2
7179       7
7180       7
7181       4
7182       4
7183       6
7184       2
7185       5
7186       5
7187       6
7188       1
7189       1
7190       7
7191       3
7192       6
7193       0
7194       5
7195       4
7196       4
7197       2
7198       9
7199       1
7200       9
7201       3
7202       9
7203       2
7204       3
7205       3
7206       2
7207       9
7208       3
7209       6
7210       1
7211       6
7212       9
7213       8
7214       9
7215       1
7216       6
7217       3
7218       7
7219       9
7220       4
7221       3
7222       0
7223       1
7224       0
7225       9
7226       9
7227       1
7228       6
7229       3
7230       8
7231       3
7232       1
7233       1
7234       8
7235       9
7236       0
7237       2
7238       1
7239       0
7240       7
7241       6
7242       5
7243       5
7244       1
7245       1
7246       3
7247       4
7248       1
7249       6
7250       3
7251       8
7252       5
7253       9
7254       9
7255       2
7256       0
7257       7
7258       9
7259       2
7260       1
7261       2
7262       1
7263       9
7264       5
7265       4
7266       3
7267       3
7268       2
7269       8
7270       8
7271       2
7272       4
7273       5
7274       1
7275       6
7276       5
7277       6
7278       0
7279       2
7280       9
7281       4
7282       1
7283       0
7284       9
7285       6
7286       0
7287       1
7288       5
7289       2
7290       3
7291       9
7292       1
7293       0
7294       0
7295       0
7296       5
7297       0
7298       9
7299       3
7300       8
7301       9
7302       6
7303       4
7304       7
7305       7
7306       0
7307       2
7308       3
7309       9
7310       0
7311       9
7312       2
7313       5
7314       3
7315       5
7316       6
7317       0
7318       9
7319       5
7320       7
7321       9
7322       0
7323       9
7324       3
7325       3
7326       2
7327       7
7328       1
7329       9
7330       4
7331       6
7332       4
7333       6
7334       8
7335       9
7336       0
7337       7
7338       5
7339       9
7340       6
7341       1
7342       5
7343       9
7344       9
7345       1
7346       1
7347       3
7348       3
7349       6
7350       5
7351       9
7352       6
7353       5
7354       1
7355       7
7356       1
7357       4
7358       1
7359       5
7360       3
7361       6
7362       2
7363       4
7364       3
7365       6
7366       1
7367       9
7368       8
7369       1
7370       7
7371       0
7372       7
7373       9
7374       8
7375       1
7376       1
7377       8
7378       4
7379       7
7380       3
7381       1
7382       0
7383       2
7384       7
7385       6
7386       5
7387       9
7388       8
7389       0
7390       0
7391       3
7392       5
7393       7
7394       4
7395       5
7396       3
7397       3
7398       7
7399       6
7400       2
7401       9
7402       2
7403       6
7404       1
7405       0
7406       8
7407       8
7408       7
7409       6
7410       9
7411       2
7412       3
7413       9
7414       6
7415       8
7416       7
7417       3
7418       7
7419       5
7420       4
7421       1
7422       9
7423       9
7424       2
7425       0
7426       1
7427       3
7428       4
7429       1
7430       2
7431       2
7432       5
7433       2
7434       6
7435       5
7436       2
7437       6
7438       3
7439       6
7440       8
7441       7
7442       0
7443       9
7444       2
7445       9
7446       4
7447       3
7448       2
7449       2
7450       9
7451       2
7452       8
7453       9
7454       2
7455       6
7456       0
7457       8
7458       9
7459       2
7460       8
7461       5
7462       8
7463       3
7464       8
7465       4
7466       8
7467       6
7468       9
7469       5
7470       8
7471       2
7472       0
7473       1
7474       0
7475       2
7476       2
7477       6
7478       5
7479       9
7480       5
7481       6
7482       1
7483       4
7484       0
7485       7
7486       0
7487       2
7488       5
7489       4
7490       3
7491       3
7492       1
7493       1
7494       8
7495       2
7496       1
7497       4
7498       0
7499       9
7500       2
7501       3
7502       9
7503       5
7504       5
7505       2
7506       2
7507       4
7508       5
7509       3
7510       9
7511       4
7512       6
7513       9
7514       1
7515       7
7516       8
7517       9
7518       3
7519       9
7520       9
7521       1
7522       1
7523       5
7524       3
7525       6
7526       6
7527       5
7528       2
7529       1
7530       8
7531       9
7532       8
7533       0
7534       1
7535       8
7536       2
7537       5
7538       2
7539       7
7540       5
7541       3
7542       5
7543       9
7544       8
7545       7
7546       5
7547       7
7548       3
7549       1
7550       1
7551       7
7552       5
7553       3
7554       6
7555       1
7556       3
7557       5
7558       2
7559       9
7560       2
7561       1
7562       1
7563       1
7564       9
7565       4
7566       3
7567       5
7568       1
7569       3
7570       4
7571       9
7572       9
7573       4
7574       8
7575       5
7576       4
7577       4
7578       7
7579       2
7580       2
7581       7
7582       2
7583       9
7584       0
7585       5
7586       5
7587       4
7588       3
7589       8
7590       4
7591       2
7592       8
7593       7
7594       9
7595       7
7596       7
7597       0
7598       8
7599       5
7600       5
7601       3
7602       5
7603       1
7604       3
7605       0
7606       9
7607       4
7608       4
7609       1
7610       9
7611       2
7612       9
7613       7
7614       3
7615       3
7616       4
7617       1
7618       7
7619       0
7620       0
7621       4
7622       0
7623       7
7624       8
7625       3
7626       3
7627       7
7628       6
7629       5
7630       0
7631       6
7632       5
7633       1
7634       7
7635       5
7636       4
7637       8
7638       8
7639       0
7640       9
7641       1
7642       2
7643       1
7644       4
7645       0
7646       0
7647       3
7648       8
7649       9
7650       4
7651       6
7652       6
7653       2
7654       3
7655       4
7656       2
7657       0
7658       4
7659       2
7660       5
7661       8
7662       0
7663       1
7664       4
7665       0
7666       9
7667       2
7668       3
7669       3
7670       7
7671       3
7672       2
7673       4
7674       0
7675       6
7676       7
7677       3
7678       4
7679       1
7680       9
7681       6
7682       5
7683       9
7684       3
7685       5
7686       4
7687       5
7688       5
7689       5
7690       5
7691       3
7692       1
7693       0
7694       8
7695       9
7696       0
7697       9
7698       3
7699       4
7700       2
7701       8
7702       5
7703       0
7704       2
7705       6
7706       7
7707       9
7708       2
7709       3
7710       3
7711       9
7712       0
7713       6
7714       0
7715       9
7716       0
7717       0
7718       8
7719       3
7720       6
7721       1
7722       5
7723       5
7724       4
7725       1
7726       7
7727       4
7728       3
7729       5
7730       1
7731       5
7732       5
7733       6
7734       5
7735       2
7736       9
7737       2
7738       0
7739       5
7740       4
7741       2
7742       9
7743       0
7744       5
7745       2
7746       6
7747       7
7748       7
7749       7
7750       3
7751       4
7752       8
7753       3
7754       9
7755       9
7756       9
7757       8
7758       1
7759       4
7760       0
7761       9
7762       6
7763       6
7764       1
7765       2
7766       3
7767       0
7768       3
7769       5
7770       4
7771       6
7772       4
7773       6
7774       8
7775       5
7776       8
7777       8
7778       1
7779       9
7780       6
7781       0
7782       4
7783       1
7784       4
7785       5
7786       3
7787       8
7788       0
7789       2
7790       8
7791       7
7792       6
7793       5
7794       2
7795       8
7796       0
7797       6
7798       4
7799       1
7800       5
7801       9
7802       5
7803       1
7804       3
7805       5
7806       3
7807       9
7808       6
7809       9
7810       5
7811       1
7812       7
7813       7
7814       3
7815       1
7816       1
7817       6
7818       9
7819       7
7820       5
7821       8
7822       2
7823       6
7824       0
7825       2
7826       4
7827       1
7828       7
7829       7
7830       2
7831       0
7832       8
7833       5
7834       1
7835       8
7836       9
7837       9
7838       3
7839       9
7840       3
7841       6
7842       6
7843       9
7844       4
7845       0
7846       2
7847       5
7848       2
7849       0
7850       8
7851       7
7852       8
7853       9
7854       0
7855       9
7856       8
7857       6
7858       1
7859       2
7860       1
7861       0
7862       0
7863       7
7864       2
7865       3
7866       1
7867       3
7868       1
7869       1
7870       8
7871       4
7872       4
7873       9
7874       8
7875       4
7876       9
7877       2
7878       5
7879       8
7880       9
7881       1
7882       8
7883       8
7884       4
7885       2
7886       9
7887       4
7888       8
7889       7
7890       2
7891       8
7892       4
7893       9
7894       2
7895       3
7896       4
7897       5
7898       1
7899       0
7900       4
7901       2
7902       2
7903       5
7904       8
7905       8
7906       4
7907       8
7908       4
7909       7
7910       6
7911       0
7912       5
7913       1
7914       0
7915       8
7916       4
7917       1
7918       8
7919       8
7920       4
7921       1
7922       0
7923       7
7924       1
7925       3
7926       3
7927       9
7928       6
7929       7
7930       0
7931       5
7932       4
7933       2
7934       1
7935       5
7936       7
7937       8
7938       5
7939       9
7940       7
7941       6
7942       4
7943       0
7944       4
7945       0
7946       3
7947       1
7948       3
7949       0
7950       7
7951       0
7952       7
7953       5
7954       6
7955       7
7956       9
7957       0
7958       8
7959       4
7960       3
7961       9
7962       6
7963       0
7964       8
7965       9
7966       7
7967       0
7968       8
7969       2
7970       0
7971       0
7972       8
7973       6
7974       6
7975       2
7976       3
7977       8
7978       7
7979       3
7980       6
7981       5
7982       4
7983       9
7984       4
7985       6
7986       4
7987       8
7988       8
7989       4
7990       8
7991       5
7992       9
7993       1
7994       9
7995       2
7996       7
7997       5
7998       3
7999       7
8000       2
8001       7
8002       5
8003       4
8004       0
8005       7
8006       5
8007       3
8008       5
8009       1
8010       9
8011       9
8012       9
8013       1
8014       5
8015       9
8016       9
8017       5
8018       8
8019       9
8020       8
8021       2
8022       7
8023       7
8024       1
8025       1
8026       4
8027       4
8028       3
8029       6
8030       6
8031       0
8032       6
8033       7
8034       3
8035       6
8036       7
8037       1
8038       8
8039       4
8040       5
8041       9
8042       4
8043       9
8044       3
8045       2
8046       3
8047       9
8048       2
8049       1
8050       7
8051       9
8052       3
8053       8
8054       5
8055       8
8056       6
8057       0
8058       9
8059       0
8060       8
8061       2
8062       8
8063       0
8064       4
8065       4
8066       7
8067       7
8068       1
8069       9
8070       5
8071       5
8072       5
8073       9
8074       2
8075       4
8076       3
8077       6
8078       3
8079       0
8080       4
8081       6
8082       2
8083       0
8084       7
8085       3
8086       5
8087       2
8088       5
8089       1
8090       9
8091       8
8092       3
8093       2
8094       8
8095       2
8096       1
8097       6
8098       1
8099       5
8100       7
8101       7
8102       0
8103       4
8104       4
8105       5
8106       9
8107       8
8108       9
8109       2
8110       7
8111       8
8112       7
8113       6
8114       7
8115       9
8116       0
8117       0
8118       8
8119       8
8120       8
8121       9
8122       4
8123       8
8124       0
8125       7
8126       1
8127       4
8128       9
8129       4
8130       3
8131       9
8132       4
8133       1
8134       5
8135       2
8136       7
8137       6
8138       0
8139       9
8140       3
8141       9
8142       8
8143       8
8144       6
8145       9
8146       8
8147       5
8148       8
8149       7
8150       2
8151       6
8152       1
8153       1
8154       5
8155       4
8156       3
8157       4
8158       9
8159       9
8160       9
8161       6
8162       1
8163       7
8164       5
8165       1
8166       3
8167       2
8168       0
8169       0
8170       8
8171       5
8172       0
8173       5
8174       1
8175       4
8176       7
8177       8
8178       1
8179       3
8180       4
8181       0
8182       3
8183       8
8184       3
8185       4
8186       9
8187       5
8188       4
8189       3
8190       2
8191       9
8192       6
8193       8
8194       0
8195       1
8196       7
8197       2
8198       3
8199       4
8200       6
8201       7
8202       9
8203       2
8204       0
8205       0
8206       1
8207       8
8208       2
8209       6
8210       0
8211       3
8212       7
8213       6
8214       4
8215       6
8216       1
8217       3
8218       6
8219       8
8220       1
8221       9
8222       6
8223       6
8224       5
8225       3
8226       2
8227       8
8228       7
8229       4
8230       2
8231       2
8232       4
8233       1
8234       1
8235       6
8236       0
8237       1
8238       6
8239       5
8240       7
8241       9
8242       8
8243       6
8244       1
8245       7
8246       6
8247       4
8248       5
8249       0
8250       0
8251       2
8252       2
8253       9
8254       2
8255       1
8256       0
8257       8
8258       3
8259       3
8260       9
8261       6
8262       7
8263       6
8264       4
8265       6
8266       1
8267       9
8268       5
8269       8
8270       4
8271       7
8272       8
8273       3
8274       9
8275       4
8276       5
8277       7
8278       3
8279       9
8280       3
8281       2
8282       5
8283       1
8284       9
8285       2
8286       4
8287       6
8288       9
8289       6
8290       9
8291       7
8292       7
8293       6
8294       2
8295       0
8296       1
8297       2
8298       6
8299       5
8300       0
8301       8
8302       6
8303       4
8304       1
8305       7
8306       3
8307       3
8308       5
8309       7
8310       5
8311       0
8312       5
8313       2
8314       7
8315       9
8316       9
8317       4
8318       8
8319       0
8320       8
8321       1
8322       7
8323       4
8324       8
8325       0
8326       7
8327       3
8328       6
8329       7
8330       1
8331       6
8332       2
8333       2
8334       7
8335       9
8336       6
8337       4
8338       6
8339       6
8340       6
8341       6
8342       3
8343       0
8344       8
8345       8
8346       3
8347       1
8348       7
8349       8
8350       3
8351       7
8352       7
8353       6
8354       2
8355       4
8356       8
8357       7
8358       0
8359       1
8360       9
8361       4
8362       3
8363       3
8364       7
8365       6
8366       8
8367       9
8368       8
8369       2
8370       4
8371       3
8372       1
8373       8
8374       4
8375       7
8376       4
8377       2
8378       9
8379       5
8380       4
8381       1
8382       6
8383       9
8384       0
8385       3
8386       3
8387       8
8388       4
8389       6
8390       7
8391       2
8392       7
8393       6
8394       7
8395       5
8396       9
8397       6
8398       7
8399       7
8400       9
8401       3
8402       8
8403       2
8404       0
8405       4
8406       4
8407       9
8408       3
8409       8
8410       9
8411       6
8412       9
8413       3
8414       9
8415       5
8416       2
8417       0
8418       3
8419       9
8420       2
8421       4
8422       2
8423       0
8424       5
8425       9
8426       1
8427       1
8428       9
8429       2
8430       5
8431       9
8432       8
8433       3
8434       2
8435       2
8436       0
8437       3
8438       0
8439       9
8440       0
8441       3
8442       8
8443       8
8444       8
8445       8
8446       0
8447       1
8448       4
8449       3
8450       6
8451       5
8452       0
8453       8
8454       7
8455       2
8456       9
8457       3
8458       1
8459       9
8460       7
8461       1
8462       7
8463       2
8464       5
8465       1
8466       3
8467       9
8468       4
8469       7
8470       0
8471       0
8472       9
8473       0
8474       5
8475       5
8476       0
8477       3
8478       9
8479       1
8480       9
8481       0
8482       1
8483       7
8484       7
8485       5
8486       7
8487       3
8488       3
8489       6
8490       3
8491       3
8492       5
8493       0
8494       7
8495       5
8496       1
8497       0
8498       6
8499       0
8500       2
8501       6
8502       0
8503       8
8504       7
8505       6
8506       5
8507       4
8508       3
8509       6
8510       1
8511       4
8512       8
8513       7
8514       0
8515       4
8516       1
8517       3
8518       9
8519       0
8520       2
8521       0
8522       0
8523       2
8524       0
8525       3
8526       2
8527       1
8528       1
8529       0
8530       6
8531       1
8532       1
8533       9
8534       4
8535       0
8536       7
8537       7
8538       9
8539       3
8540       8
8541       0
8542       9
8543       7
8544       4
8545       3
8546       2
8547       2
8548       3
8549       2
8550       1
8551       2
8552       8
8553       7
8554       8
8555       5
8556       4
8557       6
8558       9
8559       2
8560       9
8561       4
8562       9
8563       4
8564       8
8565       0
8566       0
8567       7
8568       3
8569       4
8570       4
8571       4
8572       7
8573       9
8574       9
8575       4
8576       3
8577       4
8578       8
8579       2
8580       0
8581       0
8582       4
8583       6
8584       8
8585       2
8586       3
8587       7
8588       3
8589       4
8590       4
8591       9
8592       2
8593       1
8594       3
8595       9
8596       7
8597       8
8598       0
8599       7
8600       2
8601       8
8602       3
8603       1
8604       8
8605       8
8606       3
8607       3
8608       1
8609       2
8610       6
8611       7
8612       7
8613       7
8614       1
8615       5
8616       2
8617       3
8618       3
8619       5
8620       8
8621       0
8622       7
8623       9
8624       0
8625       1
8626       1
8627       3
8628       7
8629       5
8630       1
8631       2
8632       2
8633       2
8634       6
8635       8
8636       0
8637       3
8638       3
8639       7
8640       8
8641       2
8642       0
8643       2
8644       4
8645       7
8646       1
8647       8
8648       1
8649       1
8650       2
8651       8
8652       5
8653       8
8654       9
8655       0
8656       2
8657       7
8658       3
8659       2
8660       2
8661       4
8662       0
8663       8
8664       9
8665       3
8666       5
8667       6
8668       9
8669       6
8670       4
8671       3
8672       1
8673       1
8674       8
8675       4
8676       3
8677       5
8678       2
8679       6
8680       3
8681       6
8682       4
8683       7
8684       8
8685       4
8686       1
8687       1
8688       4
8689       1
8690       5
8691       8
8692       1
8693       3
8694       5
8695       0
8696       2
8697       3
8698       9
8699       6
8700       0
8701       4
8702       1
8703       8
8704       7
8705       4
8706       9
8707       8
8708       6
8709       0
8710       4
8711       3
8712       1
8713       5
8714       3
8715       8
8716       5
8717       7
8718       2
8719       8
8720       9
8721       6
8722       1
8723       9
8724       2
8725       8
8726       5
8727       9
8728       0
8729       1
8730       9
8731       5
8732       8
8733       0
8734       6
8735       8
8736       6
8737       0
8738       6
8739       5
8740       9
8741       0
8742       8
8743       3
8744       5
8745       1
8746       5
8747       2
8748       6
8749       2
8750       0
8751       6
8752       7
8753       9
8754       5
8755       1
8756       9
8757       8
8758       9
8759       8
8760       2
8761       2
8762       2
8763       7
8764       0
8765       2
8766       6
8767       3
8768       2
8769       1
8770       5
8771       7
8772       1
8773       6
8774       4
8775       1
8776       2
8777       8
8778       1
8779       1
8780       4
8781       7
8782       4
8783       8
8784       5
8785       2
8786       6
8787       6
8788       3
8789       1
8790       7
8791       9
8792       8
8793       4
8794       7
8795       5
8796       0
8797       3
8798       0
8799       7
8800       0
8801       8
8802       4
8803       5
8804       5
8805       8
8806       7
8807       0
8808       5
8809       5
8810       7
8811       7
8812       9
8813       2
8814       1
8815       2
8816       7
8817       4
8818       0
8819       1
8820       7
8821       7
8822       1
8823       1
8824       9
8825       5
8826       2
8827       6
8828       7
8829       4
8830       7
8831       8
8832       6
8833       9
8834       1
8835       6
8836       0
8837       6
8838       5
8839       7
8840       3
8841       7
8842       5
8843       8
8844       0
8845       3
8846       5
8847       6
8848       3
8849       7
8850       3
8851       2
8852       9
8853       9
8854       0
8855       3
8856       5
8857       1
8858       2
8859       8
8860       2
8861       6
8862       0
8863       5
8864       4
8865       9
8866       0
8867       5
8868       9
8869       1
8870       7
8871       9
8872       7
8873       8
8874       8
8875       1
8876       7
8877       4
8878       8
8879       9
8880       7
8881       6
8882       7
8883       8
8884       5
8885       9
8886       2
8887       1
8888       8
8889       3
8890       1
8891       7
8892       4
8893       5
8894       0
8895       0
8896       2
8897       6
8898       7
8899       3
8900       1
8901       7
8902       5
8903       9
8904       1
8905       9
8906       9
8907       5
8908       3
8909       3
8910       2
8911       2
8912       5
8913       2
8914       1
8915       4
8916       2
8917       7
8918       2
8919       7
8920       1
8921       1
8922       2
8923       5
8924       9
8925       9
8926       8
8927       3
8928       9
8929       1
8930       2
8931       5
8932       9
8933       9
8934       5
8935       2
8936       1
8937       1
8938       6
8939       1
8940       7
8941       1
8942       9
8943       3
8944       8
8945       3
8946       6
8947       5
8948       8
8949       4
8950       7
8951       4
8952       7
8953       6
8954       5
8955       1
8956       1
8957       0
8958       7
8959       6
8960       4
8961       5
8962       1
8963       5
8964       8
8965       1
8966       7
8967       3
8968       4
8969       9
8970       0
8971       6
8972       4
8973       9
8974       5
8975       5
8976       1
8977       8
8978       6
8979       8
8980       9
8981       1
8982       3
8983       3
8984       3
8985       6
8986       0
8987       7
8988       7
8989       6
8990       2
8991       7
8992       7
8993       7
8994       0
8995       6
8996       9
8997       6
8998       2
8999       6
9000       1
9001       7
9002       2
9003       9
9004       9
9005       2
9006       8
9007       5
9008       8
9009       3
9010       9
9011       9
9012       8
9013       3
9014       3
9015       2
9016       7
9017       5
9018       7
9019       1
9020       0
9021       2
9022       5
9023       5
9024       7
9025       5
9026       5
9027       1
9028       9
9029       3
9030       6
9031       8
9032       3
9033       9
9034       7
9035       5
9036       5
9037       5
9038       8
9039       6
9040       2
9041       7
9042       6
9043       0
9044       8
9045       7
9046       5
9047       0
9048       7
9049       0
9050       9
9051       2
9052       5
9053       3
9054       1
9055       1
9056       6
9057       2
9058       2
9059       3
9060       2
9061       8
9062       4
9063       9
9064       5
9065       3
9066       3
9067       4
9068       3
9069       9
9070       5
9071       9
9072       1
9073       5
9074       3
9075       3
9076       5
9077       2
9078       4
9079       7
9080       0
9081       5
9082       4
9083       6
9084       9
9085       8
9086       3
9087       4
9088       5
9089       4
9090       3
9091       4
9092       1
9093       6
9094       2
9095       6
9096       0
9097       2
9098       7
9099       4
9100       1
9101       2
9102       0
9103       9
9104       8
9105       1
9106       3
9107       6
9108       6
9109       2
9110       8
9111       3
9112       2
9113       1
9114       2
9115       4
9116       8
9117       1
9118       5
9119       2
9120       5
9121       3
9122       4
9123       5
9124       7
9125       4
9126       0
9127       8
9128       2
9129       7
9130       0
9131       5
9132       4
9133       6
9134       2
9135       1
9136       6
9137       3
9138       8
9139       5
9140       0
9141       5
9142       8
9143       5
9144       2
9145       4
9146       9
9147       0
9148       9
9149       4
9150       8
9151       6
9152       5
9153       6
9154       4
9155       4
9156       7
9157       2
9158       0
9159       8
9160       3
9161       3
9162       7
9163       4
9164       4
9165       9
9166       6
9167       5
9168       5
9169       1
9170       9
9171       8
9172       8
9173       8
9174       5
9175       6
9176       9
9177       5
9178       2
9179       4
9180       4
9181       2
9182       3
9183       9
9184       9
9185       0
9186       2
9187       8
9188       7
9189       5
9190       0
9191       7
9192       2
9193       3
9194       7
9195       0
9196       8
9197       6
9198       1
9199       7
9200       9
9201       6
9202       5
9203       8
9204       0
9205       7
9206       0
9207       6
9208       4
9209       5
9210       2
9211       2
9212       7
9213       3
9214       1
9215       1
9216       8
9217       7
9218       6
9219       6
9220       6
9221       5
9222       4
9223       6
9224       5
9225       5
9226       8
9227       7
9228       1
9229       4
9230       5
9231       2
9232       9
9233       2
9234       6
9235       1
9236       9
9237       7
9238       3
9239       2
9240       8
9241       4
9242       9
9243       1
9244       4
9245       4
9246       7
9247       9
9248       9
9249       4
9250       7
9251       6
9252       9
9253       2
9254       6
9255       7
9256       4
9257       7
9258       8
9259       8
9260       7
9261       3
9262       9
9263       6
9264       0
9265       7
9266       0
9267       6
9268       0
9269       0
9270       8
9271       5
9272       1
9273       3
9274       5
9275       0
9276       2
9277       6
9278       2
9279       9
9280       3
9281       8
9282       4
9283       0
9284       4
9285       4
9286       0
9287       7
9288       8
9289       6
9290       0
9291       6
9292       5
9293       6
9294       5
9295       1
9296       0
9297       0
9298       8
9299       4
9300       1
9301       6
9302       4
9303       3
9304       6
9305       6
9306       4
9307       3
9308       4
9309       7
9310       2
9311       3
9312       8
9313       2
9314       1
9315       2
9316       7
9317       6
9318       7
9319       8
9320       2
9321       1
9322       1
9323       1
9324       8
9325       9
9326       3
9327       8
9328       9
9329       1
9330       4
9331       3
9332       9
9333       8
9334       8
9335       0
9336       1
9337       6
9338       6
9339       2
9340       6
9341       4
9342       0
9343       7
9344       1
9345       0
9346       7
9347       7
9348       3
9349       8
9350       7
9351       1
9352       3
9353       7
9354       7
9355       1
9356       6
9357       3
9358       1
9359       5
9360       9
9361       6
9362       3
9363       2
9364       0
9365       7
9366       1
9367       1
9368       2
9369       8
9370       9
9371       4
9372       8
9373       5
9374       9
9375       3
9376       9
9377       0
9378       3
9379       3
9380       6
9381       9
9382       5
9383       2
9384       4
9385       4
9386       2
9387       6
9388       0
9389       3
9390       5
9391       7
9392       4
9393       6
9394       7
9395       3
9396       0
9397       8
9398       9
9399       9
9400       4
9401       0
9402       6
9403       3
9404       6
9405       6
9406       0
9407       5
9408       0
9409       8
9410       5
9411       4
9412       9
9413       1
9414       8
9415       5
9416       8
9417       9
9418       6
9419       6
9420       8
9421       9
9422       1
9423       7
9424       1
9425       0
9426       5
9427       6
9428       2
9429       3
9430       9
9431       0
9432       3
9433       5
9434       7
9435       2
9436       3
9437       1
9438       1
9439       2
9440       5
9441       0
9442       9
9443       1
9444       4
9445       9
9446       7
9447       8
9448       1
9449       2
9450       2
9451       6
9452       1
9453       3
9454       5
9455       8
9456       4
9457       4
9458       6
9459       0
9460       8
9461       2
9462       1
9463       9
9464       8
9465       3
9466       9
9467       4
9468       4
9469       1
9470       8
9471       6
9472       0
9473       4
9474       9
9475       8
9476       6
9477       5
9478       5
9479       3
9480       0
9481       3
9482       7
9483       3
9484       0
9485       7
9486       0
9487       6
9488       4
9489       7
9490       3
9491       3
9492       1
9493       0
9494       7
9495       2
9496       1
9497       4
9498       1
9499       7
9500       6
9501       6
9502       6
9503       6
9504       5
9505       4
9506       6
9507       2
9508       8
9509       1
9510       3
9511       9
9512       4
9513       4
9514       6
9515       4
9516       3
9517       3
9518       8
9519       2
9520       4
9521       9
9522       9
9523       5
9524       2
9525       0
9526       7
9527       9
9528       8
9529       3
9530       2
9531       4
9532       7
9533       9
9534       8
9535       3
9536       8
9537       2
9538       9
9539       8
9540       9
9541       0
9542       8
9543       8
9544       3
9545       8
9546       0
9547       2
9548       4
9549       4
9550       6
9551       7
9552       6
9553       3
9554       4
9555       5
9556       2
9557       7
9558       7
9559       9
9560       0
9561       6
9562       9
9563       1
9564       5
9565       3
9566       0
9567       2
9568       3
9569       5
9570       3
9571       7
9572       6
9573       0
9574       7
9575       5
9576       3
9577       7
9578       8
9579       5
9580       3
9581       7
9582       9
9583       9
9584       7
9585       5
9586       0
9587       3
9588       0
9589       4
9590       7
9591       2
9592       5
9593       8
9594       7
9595       0
9596       5
9597       5
9598       6
9599       7
9600       0
9601       5
9602       9
9603       1
9604       4
9605       8
9606       3
9607       9
9608       9
9609       2
9610       2
9611       6
9612       2
9613       8
9614       7
9615       5
9616       5
9617       4
9618       2
9619       8
9620       1
9621       4
9622       7
9623       8
9624       1
9625       6
9626       7
9627       1
9628       7
9629       9
9630       7
9631       2
9632       9
9633       8
9634       5
9635       0
9636       7
9637       4
9638       0
9639       7
9640       8
9641       3
9642       8
9643       9
9644       5
9645       6
9646       5
9647       3
9648       9
9649       1
9650       9
9651       4
9652       4
9653       3
9654       3
9655       3
9656       8
9657       2
9658       0
9659       3
9660       1
9661       7
9662       1
9663       5
9664       7
9665       9
9666       9
9667       3
9668       4
9669       7
9670       0
9671       1
9672       2
9673       7
9674       9
9675       7
9676       9
9677       9
9678       2
9679       5
9680       5
9681       3
9682       6
9683       3
9684       7
9685       7
9686       1
9687       3
9688       2
9689       9
9690       6
9691       1
9692       8
9693       0
9694       3
9695       6
9696       0
9697       8
9698       7
9699       8
9700       6
9701       3
9702       9
9703       9
9704       9
9705       7
9706       5
9707       6
9708       9
9709       3
9710       2
9711       0
9712       7
9713       4
9714       6
9715       1
9716       1
9717       6
9718       0
9719       3
9720       9
9721       8
9722       4
9723       7
9724       8
9725       0
9726       6
9727       8
9728       3
9729       6
9730       9
9731       0
9732       1
9733       4
9734       9
9735       5
9736       9
9737       5
9738       9
9739       9
9740       6
9741       7
9742       5
9743       6
9744       4
9745       5
9746       9
9747       4
9748       6
9749       3
9750       8
9751       3
9752       1
9753       4
9754       4
9755       6
9756       8
9757       3
9758       0
9759       3
9760       7
9761       4
9762       5
9763       8
9764       4
9765       1
9766       4
9767       5
9768       4
9769       4
9770       5
9771       4
9772       9
9773       4
9774       7
9775       1
9776       1
9777       5
9778       6
9779       2
9780       1
9781       3
9782       6
9783       8
9784       5
9785       4
9786       1
9787       0
9788       0
9789       3
9790       5
9791       7
9792       2
9793       4
9794       5
9795       1
9796       1
9797       7
9798       9
9799       4
9800       2
9801       1
9802       6
9803       8
9804       1
9805       4
9806       1
9807       4
9808       4
9809       9
9810       6
9811       9
9812       0
9813       0
9814       6
9815       8
9816       6
9817       0
9818       4
9819       9
9820       2
9821       8
9822       5
9823       3
9824       4
9825       6
9826       8
9827       3
9828       2
9829       0
9830       7
9831       2
9832       3
9833       4
9834       6
9835       7
9836       2
9837       2
9838       7
9839       0
9840       6
9841       7
9842       1
9843       5
9844       3
9845       3
9846       8
9847       1
9848       6
9849       7
9850       7
9851       3
9852       7
9853       9
9854       0
9855       6
9856       9
9857       5
9858       6
9859       7
9860       0
9861       0
9862       2
9863       9
9864       6
9865       5
9866       9
9867       8
9868       2
9869       8
9870       3
9871       4
9872       2
9873       7
9874       2
9875       4
9876       5
9877       3
9878       1
9879       4
9880       0
9881       6
9882       7
9883       6
9884       3
9885       2
9886       7
9887       2
9888       1
9889       4
9890       0
9891       5
9892       7
9893       3
9894       3
9895       4
9896       1
9897       4
9898       3
9899       9
9900       7
9901       1
9902       7
9903       0
9904       8
9905       2
9906       4
9907       8
9908       3
9909       4
9910       6
9911       6
9912       1
9913       0
9914       9
9915       0
9916       0
9917       6
9918       6
9919       2
9920       4
9921       5
9922       7
9923       4
9924       2
9925       9
9926       6
9927       2
9928       5
9929       4
9930       8
9931       9
9932       7
9933       8
9934       8
9935       5
9936       1
9937       7
9938       6
9939       1
9940       1
9941       5
9942       5
9943       3
9944       5
9945       5
9946       0
9947       4
9948       8
9949       7
9950       2
9951       3
9952       8
9953       3
9954       7
9955       9
9956       6
9957       8
9958       4
9959       7
9960       0
9961       7
9962       3
9963       3
9964       2
9965       7
9966       3
9967       3
9968       7
9969       2
9970       1
9971       4
9972       4
9973       8
9974       9
9975       6
9976       7
9977       7
9978       8
9979       8
9980       9
9981       3
9982       4
9983       4
9984       9
9985       2
9986       1
9987       1
9988       3
9989       2
9990       5
9991       2
9992       6
9993       2
9994       6
9995       4
9996       0
9997       3
9998       7
9999       1